/*
SQLyog Ultimate v10.00 Beta1
MySQL - 5.5.40 : Database - fifa
*********************************************************************
*/

/*!40101 SET NAMES utf8 */;

/*!40101 SET SQL_MODE=''*/;

/*!40014 SET @OLD_UNIQUE_CHECKS=@@UNIQUE_CHECKS, UNIQUE_CHECKS=0 */;
/*!40014 SET @OLD_FOREIGN_KEY_CHECKS=@@FOREIGN_KEY_CHECKS, FOREIGN_KEY_CHECKS=0 */;
/*!40101 SET @OLD_SQL_MODE=@@SQL_MODE, SQL_MODE='NO_AUTO_VALUE_ON_ZERO' */;
/*!40111 SET @OLD_SQL_NOTES=@@SQL_NOTES, SQL_NOTES=0 */;
CREATE DATABASE /*!32312 IF NOT EXISTS*/`fifa` /*!40100 DEFAULT CHARACTER SET utf8 */;

USE `fifa`;

/*Table structure for table `encuentro` */

DROP TABLE IF EXISTS `encuentro`;

CREATE TABLE `encuentro` (
  `id_partido` smallint(5) NOT NULL,
  `id_equipo` smallint(5) NOT NULL,
  `goles` tinyint(2) DEFAULT NULL,
  `tipo` tinyint(1) NOT NULL COMMENT '{"es":["Local","Visitante"]}',
  PRIMARY KEY (`id_partido`,`id_equipo`),
  KEY `equipo_encuentro` (`id_equipo`),
  CONSTRAINT `equipo_encuentro` FOREIGN KEY (`id_equipo`) REFERENCES `equipo` (`id`),
  CONSTRAINT `partido_encuentro` FOREIGN KEY (`id_partido`) REFERENCES `partido` (`id`)
) ENGINE=InnoDB DEFAULT CHARSET=utf8;

/*Data for the table `encuentro` */

insert  into `encuentro`(`id_partido`,`id_equipo`,`goles`,`tipo`) values (1,1,NULL,0),(1,2,NULL,1),(2,3,NULL,0),(2,4,NULL,1),(3,5,NULL,0),(3,6,NULL,1),(4,7,NULL,0),(4,8,NULL,1),(5,9,NULL,0),(5,10,NULL,1),(6,11,NULL,0),(6,12,NULL,1),(7,13,NULL,0),(7,14,NULL,1),(8,15,NULL,0),(8,16,NULL,1),(9,17,NULL,0),(9,18,NULL,1),(10,19,NULL,0),(10,20,NULL,1),(11,21,NULL,0),(11,22,NULL,1),(12,23,NULL,0),(12,24,NULL,1),(13,25,NULL,0),(13,26,NULL,1),(14,27,NULL,0),(14,28,NULL,1),(15,29,NULL,0),(15,30,NULL,1),(16,31,NULL,0),(16,32,NULL,1),(17,1,NULL,0),(17,3,NULL,1),(18,2,NULL,1),(18,4,NULL,0),(19,5,NULL,0),(19,7,NULL,1),(20,6,NULL,1),(20,8,NULL,0),(21,9,NULL,0),(21,11,NULL,1),(22,10,NULL,1),(22,12,NULL,0),(23,13,NULL,0),(23,15,NULL,1),(24,14,NULL,1),(24,16,NULL,0),(25,17,NULL,0),(25,19,NULL,1),(26,18,NULL,1),(26,20,NULL,0),(27,21,NULL,0),(27,23,NULL,1),(28,22,NULL,1),(28,24,NULL,0),(29,25,NULL,0),(29,27,NULL,1),(30,26,NULL,1),(30,28,NULL,0),(31,29,NULL,0),(31,31,NULL,1),(32,30,NULL,1),(32,32,NULL,0),(33,1,NULL,1),(33,4,NULL,0),(34,2,NULL,0),(34,3,NULL,1),(35,5,NULL,1),(35,8,NULL,0),(36,6,NULL,0),(36,7,NULL,1),(37,9,NULL,1),(37,12,NULL,0),(38,10,NULL,0),(38,11,NULL,1),(39,13,NULL,1),(39,16,NULL,0),(40,14,NULL,0),(40,15,NULL,1),(41,17,NULL,1),(41,20,NULL,0),(42,18,NULL,0),(42,19,NULL,1),(43,21,NULL,1),(43,24,NULL,0),(44,22,NULL,0),(44,23,NULL,1),(45,25,NULL,1),(45,28,NULL,0),(46,26,NULL,0),(46,27,NULL,1),(47,29,NULL,1),(47,32,NULL,0),(48,30,NULL,0),(48,31,NULL,1),(49,33,NULL,0),(49,42,NULL,1),(50,35,NULL,0),(50,44,NULL,1),(51,34,NULL,0),(51,41,NULL,1),(52,36,NULL,0),(52,43,NULL,1),(53,37,NULL,0),(53,46,NULL,1),(54,39,NULL,0),(54,48,NULL,1),(55,38,NULL,0),(55,45,NULL,1),(56,40,NULL,0),(56,47,NULL,1),(57,49,NULL,0),(57,50,NULL,1),(58,53,NULL,0),(58,54,NULL,1),(59,51,NULL,0),(59,52,NULL,1),(60,55,NULL,0),(60,56,NULL,1),(61,57,NULL,0),(61,58,NULL,1),(62,59,NULL,0),(62,60,NULL,1),(63,61,NULL,0),(63,62,NULL,1),(64,63,NULL,0),(64,64,NULL,1);

/*Table structure for table `equipo` */

DROP TABLE IF EXISTS `equipo`;

CREATE TABLE `equipo` (
  `id` smallint(5) NOT NULL AUTO_INCREMENT,
  `nombre` varchar(50) NOT NULL,
  `alias` varchar(3) DEFAULT NULL,
  `id_grupo` smallint(5) DEFAULT NULL,
  PRIMARY KEY (`id`),
  UNIQUE KEY `nombre` (`nombre`),
  KEY `grupo_equipo` (`id_grupo`),
  CONSTRAINT `grupo_equipo` FOREIGN KEY (`id_grupo`) REFERENCES `grupo` (`id`)
) ENGINE=InnoDB AUTO_INCREMENT=65 DEFAULT CHARSET=utf8;

/*Data for the table `equipo` */

insert  into `equipo`(`id`,`nombre`,`alias`,`id_grupo`) values (1,'Brasil','bra',1),(2,'Croacia','cro',1),(3,'México','mex',1),(4,'Camerún','cmr',1),(5,'España','esp',2),(6,'Holanda','hol',2),(7,'Chile','chi',2),(8,'Australia','aus',2),(9,'Colombia','col',3),(10,'Grecia','gre',3),(11,'Costa de Marfil','cdm',3),(12,'Japón','jpn',3),(13,'Uruguay','uru',4),(14,'Costa Rica','crc',4),(15,'Inglaterra','ing',4),(16,'Italia','ita',4),(17,'Suiza','sui',5),(18,'Ecuador','ecu',5),(19,'Francia','fra',5),(20,'Honduras','hon',5),(21,'Argentina','arg',6),(22,'Bosnia','bos',6),(23,'Irán','irn',6),(24,'Nigeria','nig',6),(25,'Alemania','ale',7),(26,'Portugal','por',7),(27,'Ghana','gha',7),(28,'Estados Unidos','usa',7),(29,'Bélgica','bel',8),(30,'Argelia','alg',8),(31,'Rusia','rus',8),(32,'Corea','kor',8),(33,'1º Grupo A',NULL,NULL),(34,'1º Grupo B',NULL,NULL),(35,'1º Grupo C',NULL,NULL),(36,'1º Grupo D',NULL,NULL),(37,'1º Grupo E',NULL,NULL),(38,'1º Grupo F',NULL,NULL),(39,'1º Grupo G',NULL,NULL),(40,'1º Grupo H',NULL,NULL),(41,'2º Grupo A',NULL,NULL),(42,'2º Grupo B',NULL,NULL),(43,'2º Grupo C',NULL,NULL),(44,'2º Grupo D',NULL,NULL),(45,'2º Grupo E',NULL,NULL),(46,'2º Grupo F',NULL,NULL),(47,'2º Grupo G',NULL,NULL),(48,'2º Grupo H',NULL,NULL),(49,'Ganador 49',NULL,NULL),(50,'Ganador 50',NULL,NULL),(51,'Ganador 51',NULL,NULL),(52,'Ganador 52',NULL,NULL),(53,'Ganador 53',NULL,NULL),(54,'Ganador 54',NULL,NULL),(55,'Ganador 55',NULL,NULL),(56,'Ganador 56',NULL,NULL),(57,'Ganador 57',NULL,NULL),(58,'Ganador 58',NULL,NULL),(59,'Ganador 59',NULL,NULL),(60,'Ganador 60',NULL,NULL),(61,'Perdedor 61',NULL,NULL),(62,'Perdedor 62',NULL,NULL),(63,'Ganador 61',NULL,NULL),(64,'Ganador 62',NULL,NULL);

/*Table structure for table `estadio` */

DROP TABLE IF EXISTS `estadio`;

CREATE TABLE `estadio` (
  `id` smallint(5) NOT NULL AUTO_INCREMENT,
  `nombre` varchar(50) NOT NULL,
  `contenido` text,
  PRIMARY KEY (`id`),
  UNIQUE KEY `nombre` (`nombre`)
) ENGINE=InnoDB AUTO_INCREMENT=13 DEFAULT CHARSET=utf8;

/*Data for the table `estadio` */

insert  into `estadio`(`id`,`nombre`,`contenido`) values (1,'Arena Amazonia','<p class=\"text-justify\">Inspirado en ella, además, el proyecto del estadio prevé la construcción de una estructura metálica similar a la de un cesto de paja típico de la región, que protegerá la parte externa de las gradas. Todo el proceso se ajustará a las normas de sostenibilidad, pensadas para dejar un importante legado en la zona y preservar asimismo la diversidad de la selva amazónica.</p>\r\n<p class=\"text-justify\">Las aguas pluviales, por ejemplo, serán almacenadas para su uso posterior en los baños o la irrigación del césped. Del mismo modo, la luz solar, abundante en esta parte del país, generará energía limpia y renovable. Por último, varias paredes vegetales contribuirán a la reducción de los gastos de energía y, sobre todo, al control de la temperatura dentro del estadio.</p>\r\n<p class=\"text-justify\">El Arena Amazonia tendrá 42.374 localidades, restaurantes, aparcamiento subterráneo y un acceso por medio de carril bus y monorraíl. Albergará cuatro partidos de la primera fase de la Copa Mundial de la FIFA 2014™ y servirá posteriormente como un gran punto de atracción turística para espectáculos y eventos en la región.</p>'),(2,'Arena da Baixada','<p class=\"text-justify\">Desde que fue reinaugurado en junio de 1999, el tradicional estadio Joaquim Américo, conocido como Arena da Baixada, tiene la reputación de ser uno de los más modernos y mejor estructurados de Brasil.</p>\r\n<p class=\"text-justify\">No sorprendió a nadie, por tanto, que la casa del Atlético Paranaense, construida en su versión original en 1914, estuviese entre las elegidas para servir de sede a la Copa Mundial de la FIFA Brasil 2014™.</p>\r\n<p class=\"text-justify\">En preparación para el certamen, el estadio será sometido a una serie de obras, cuya finalización está prevista para diciembre de 2012. En la remodelación se llevarán a cabo los ajustes pertinentes y se agregarán tribunas paralelas al campo. De esta manera, el aforo se aumentará hasta las 41.456 personas, con el fin de que el edificio pueda celebrar cuatro partidos en la cita de 2014.</p>'),(3,'Arena de São Paulo','<p class=\"text-justify\">De los tres principales clubes de la ciudad de São Paulo, el único que no poseía un estadio propio con tamaño e infraestructuras suficientes para albergar sus partidos era justamente el que contaba con la hinchada más numerosa: el Sport Club Corinthians Paulista.</p>\r\n<p class=\"text-justify\">El antiguo sueño de la comunidad corintiana se ha cumplido con el anuncio de la organización de la Copa Mundial de la FIFA Brasil 2014™, que ha traído como consecuencia la construcción del Arena de São Paulo en el barrio de Itaquera, situado en la parte oriental de la ciudad, tradicional zona de corintianos.</p>\r\n<p class=\"text-justify\">El proyecto de construcción del estadio, cuya finalización está prevista para principios de 2014, prevé el fomento de la zona oriental —una de las regiones de la capital paulista más carentes de recursos, donde viven casi cuatro millones de personas— así como la formación profesional de centenares de trabajadores. En total deberán emplearse directa o indirectamente cerca de 6.000 personas a lo largo del periodo de las obras.</p>\r\n<p class=\"text-justify\">El Arena de São Paulo ha sido el estadio elegido para escenificar el partido inaugural de la Copa Mundial de la FIFA Brasil 2014, y alojará otros cinco encuentros, entre ellos una de las semifinales.</p>'),(4,'Arena Fonte Nova','<p class=\"text-justify\">Salvador, primera capital de Brasil, recibirá la Copa Mundial de la FIFA 2014™ en un nuevo recinto: el Fonte Nova, oficialmente Estadio Octávio Mangabeira, escenario de grandes duelos del fútbol de Bahía como el clásico Ba-Vi, fue derribado para dejar sitio a unas instalaciones modernas para 52.048 espectadores, que albergarán cuatro encuentros de la primera fase del torneo.</p>\r\n<p class=\"text-justify\">Inaugurado el 28 de enero de 1951, el estadio de la capital de Bahía fue utilizado hasta noviembre de 2007, y tres años después fue demolido. El modernísimo Arena Fonte Nova mantiene las características originales, a las que se añadió un techo con estructura metálica ligera, además de un restaurante panorámico y un museo del fútbol. En el complejo habrá mucho más que partidos de fútbol: el proyecto, que sigue un modelo de asociación público-privada, incluye parcelas para el aparcamiento, tiendas, hoteles y una sala de espectáculos.</p>\r\n<p class=\"text-justify\">La nueva estructura a buen seguro estará a la altura de los partidos que verá el césped del Fonte Nova. En tres de los cuatro duelos de la primera fase que se disputarán en él actuarán cabezas de serie de sus respectivos grupos. La ciudad también asistirá a un choque de octavos de final y a otro de cuartos.</p>'),(5,'Arena Pantanal','<p class=\"text-justify\">El estadio que albergará los partidos de la Copa Mundial de la FIFA Brasil 2014™ al borde de una región de flora y fauna tan rica como la del Pantanal, no podía dejar de incluir entre sus objetivos la construcción y el mantenimiento de una estructura sostenible desde su raíz.</p>\r\n<p class=\"text-justify\">Esa directriz rige cada detalle: la madera utilizada en la edificación está certificada, y los residuos y escombros pasan por un proceso de reciclaje y reaprovechamiento en la propia obra y en sus vías de acceso. Además, la calidad del aire y la del suelo se monitorizan de manera constante. De esa forma, podrá hacer honor al sobrenombre del anterior recinto, el Verdão (Gran Verde).</p>\r\n<p class=\"text-justify\">Especialmente construido para el torneo, el Arena Pantanal tendrá capacidad para 42.968 espectadores, y ocupa el terreno en el que anteriormente se encontraba el estadio José Fagelli. En él se jugarán cuatro partidos de Brasil 2014. El complejo multiusos tendrá durante el certamen una estructura modular, que podrá reducirse tras el campeonato. Será cubierto, por lo cual podrá albergar diversos eventos, como funciones, exposiciones y ferias que requieren de un recinto cerrado. Clubes tradicionales como el Mixto y el Operário también podrán aprovechar sus instalaciones.</p>'),(6,'Arena Pernambuco','<p class=\"text-justify\">Recife, ciudad apasionada por el fútbol y sede de tres venerables clubes en el ámbito nacional como son el Náutico, el Santa Cruz y el Sport Club, ya albergó un encuentro de la Copa Mundial de la FIFA Brasil 1950 (Chile 5-2 Estados Unidos, disputado en la Isla del Retiro) ha ganado un nuevo estadio para acoger cinco partidos de Brasil 2014™.</p>\r\n<p class=\"text-justify\">El estadio, núcleo de un proyecto más general, se levantó en São Lourenço da Mata, en la zona metropolitana de la ciudad, a 19 km del Aeropuerto Internacional dos Guararapes. El proyecto se contempla como una palanca económica para la expansión del Gran Recife, en una región considerada desfavorecida. Se estima que el edificio quedará enclavado en un barrio con cerca de 5.000 viviendas.</p>\r\n<p class=\"text-justify\">Con capacidad para 42.849 personas y construido por una sociedad público-privada, el Arena Pernambuco será sede de los partidos del Náutico, tras el acuerdo firmado con el club rojiblanco en octubre de 2011.</p>'),(7,'Estadio Beira-Rio','<p class=\"text-justify\">El Beira-Rio, levantado en un relleno del río Guaíba, uno de los emblemas de Porto Alegre, es el hogar del Sport Club Internacional, que comparte con su acérrimo rival, el Grêmio, el protagonismo del polarizado fútbol de Rio Grande do Sul. Escenario de innumerables y emocionantes clásicos entre ambos clubes y de cuatro finales de la Copa Libertadores de América, el recinto se prepara para su misión más importante: albergar cinco encuentros de la Copa Mundial de la FIFA Brasil 2014™, uno de ellos de cuartos de final del certamen.</p>\r\n<p class=\"text-justify\">El “gigante del Beira-Rio”, mayor estadio de la región meridional de Brasil y bautizado como José Pinheiro Borda, fue inaugurado en 1969, tras casi un decenio de obras en las que la participación de los seguidores del Inter fue muy eficaz: los hinchas colorados contribuyeron aportando ladrillos, cemento y hierro, y algunos llegaron incluso a dejar el Estadio de los Eucaliptos, anterior sede del club, cuando el equipo iba mal para “animar” a los albañiles que trabajaban en el Beira-Rio.</p>\r\n<p class=\"text-justify\">La remodelación del Beira-Rio, financiada por el propio Internacional a través del programa Gigante para siempre, tiene como punto culminante la instalación de un innovador techo metálico que protegerá los asientos, las rampas y el acceso a las puertas. Se adoptó un proyecto modular para agilizar la construcción, dividida en etapas, y evitar el cierre del estadio durante los trabajos. Después de la reforma, el Beira-Rio dispondrá de un aforo de 48.849 espectadores.</p>'),(8,'Estadio Castelão','<p class=\"text-justify\">Es habitual ver a los hinchas de Fortaleza demostrar su pasión por el fútbol y por sus dos principales equipos, Ceará y Fortaleza. Y ya tienen un nuevo recinto en el que disfrutar tanto de los clásicos que suelen paralizar la ciudad como de los partidos de la Copa FIFA Confederaciones 2013 y la Copa Mundial de la FIFA 2014™.</p>\r\n<p class=\"text-justify\">Construido en 1973, el Estadio Gobernador Plácido Castelo, conocido popularmente como Castelão, ha sido remodelado por completo para dar cabida con holgura hasta a 64.846 personas. El recinto ganó un aparcamiento subterráneo con 1.900 plazas y tiene ahora otras estructuras como palcos, área VIP, sector de prensa, zona mixta y vestuarios totalmente renovadas. Todos los asientos están ahora cubiertos por el nuevo techo, incluso los situados en el anillo inferior, más próximo al césped.</p>\r\n<p class=\"text-justify\">Los accesos al Castelão también han cambiado. Con la construcción de cuatro carriles exclusivos de autobús, de una línea de tren ligero y de dos estaciones de metro, los aficionados tienen en la actualidad una facilidad de locomoción mucho mayor, para acudir a los partidos o a los restaurantes, cines, hotel y el centro olímpico que formarán parte del complejo.</p>\r\n<p class=\"text-justify\">Todo ello, sumado a las grandes expectativas por parte del público, hará del Castelão uno de los lugares más animados de los dos grandes eventos de 2013 y 2014. En la Copa Mundial de la FIFA, será el escenario del segundo partido de la primera fase de la selección brasileña. Los anfitriones podrán contar pues con un apoyo incondicional, como el registrado en marzo de 2002, en el partido que supuso el regreso del delantero Ronaldo a los terrenos de juego antes del torneo de Corea/Japón.</p>'),(9,'Estadio das Dunas','<p class=\"text-justify\">Desde su construcción en 1972, el estadio João Cláudio de Vasconcelos Machado, o Machadão, albergó en el barrio Lagoa Nova los mejores partidos de fútbol de la capital del estado de Río Grande del Norte, sobre todo los que implicaban a sus tres equipos principales: el ABC, que jugó en la primera división del campeonato brasileño por última vez en 1985, el Alecrim (1986) y el América (2007).</p>\r\n<p class=\"text-justify\">Sin embargo, para que la capital del estado pudiera convertirse en una de las 12 sedes de la Copa Mundial de la FIFA Brasil 2014™, era necesario un recinto futbolístico mayor y más moderno. La solución que se encontró fue demoler completamente el Machadão y el gimnasio anexo Humberto Nesi, conocido como Machadinho.</p>\r\n<p class=\"text-justify\">La siguiente fase del proyecto consiste en erigir el Estadio das Dunas, cuya referencia a una de las atracciones naturales más impresionantes de la región de Natal no se limita al nombre, sino también al osado diseño ondulado en forma de dunas que presentará el edificio.</p>'),(10,'Estadio Mineirão','<p class=\"text-justify\">Este recinto, uno de los templos del fútbol brasileño y casa de los multicampeones nacionales Atlético Mineiro y Cruzeiro, tiene capacidad para 62.547 espectadores y ha sido completamente reformado para alojar seis partidos de la Copa Mundial de la FIFA Brasil 2014™, incluyendo un encuentro de semifinales.</p>\r\n<p class=\"text-justify\">El proyecto de modernización abordó el rebajamiento del campo, la mejora de su accesibilidad y el cumplimiento de otros requisitos, siempre con arreglo al principio de sostenibilidad, que propiciará, entre otras cosas, la reutilización del agua de lluvia. Cuenta con una capacidad de almacenamiento de hasta 6.270.000 litros.</p>\r\n<p class=\"text-justify\">Situado en el barrio de Pampulha e inaugurado el 5 de diciembre de 1965, el estadio pertenece al Gobierno Estatal de Minas Gerais, y su nombre oficial es Governador Magalhães Pinto, aunque los aficionados preguntarán más bien por el Mineirão durante el torneo.</p>\r\n<p class=\"text-justify\">La atmósfera y animación de este escenario en los días de partido del Gallo y de la Raposa son contagiosos, al igual que sucede cuando la Seleção salta a este césped, como por ejemplo en dos ediciones recientes el superclásico Brasil-Argentina, en 2004 y 2008, durante la fase eliminatoria para la Copa Mundial de la FIFA. Grandes atacantes como Ronaldo, Tostão, Reinaldo y Dario exhibieron su talento aquí.</p>'),(11,'Estadio Nacional','<p class=\"text-justify\">El Estadio Nacional de Brasilia, que sigue los patrones de una de las ciudades arquitectónicamente más modernas del país, será uno de los recintos más imponentes y el segundo más grande (con un aforo de 68.009 espectadores) de la Copa Mundial de la FIFA Brasil 2014™.</p>\r\n<p class=\"text-justify\">El antiguo Estadio Nacional Mané Garrincha, prácticamente demolido, que ostenta una nueva fachada, con un techo de estructura metálica, nuevas gradas y un césped rebajado para permitir una visión completa del juego. Con un proyecto de edificación ecológico, centrado en la ausencia de emisiones de carbono, el reciclaje y el acceso total por medio del transporte público, consolida el nombre de la capital como referencia mundial en planificación sostenible, lo que constituirá un legado importante para otros sectores de la economía local.</p>\r\n<p class=\"text-justify\">El Estadio Nacional de Brasilia ha sido elegido como escenario del partido inaugural de la Copa FIFA Confederaciones 2013. Además acogerá otros siete encuentros de la Copa Mundial de la FIFA 2014, incluido uno de cuartos de final.</p>\r\n<p class=\"text-justify\">Este será el tercer estadio de la capital brasileña, tras el Serejão, donde juega el Brasiliense, y el Bezerrão, recientemente remodelado y reabierto en 2008. Después de la cita mundialista, se espera que sea utilizado para grandes espectáculos y eventos culturales.</p>'),(12,'Maracaná','<p class=\"text-justify\">Construido para la Copa Mundial de la FIFA 1950™ e inmortalizado como escenario de la inolvidable final entre Brasil y Uruguay, uno de los capítulos más destacados de la historia del torneo, el Estadio Periodista Mário Filho, de Río de Janeiro, recupera el protagonismo con motivo de Brasil 2014. El Maracaná es el recinto que mayor número de partidos albergará durante el certamen, siete en total, entre ellos la gran final del día 13 de julio.</p>\r\n<p class=\"text-justify\">El estadio conocido como “el más grande del mundo” —en él llegaron a congregarse 200.000 personas y posee varios récords de asistencia de público de la historia del fútbol—, remodelado de cara a la gran cita mundialista, cuenta ahora con un aforo de 73,531 espectadores, y seguirá siendo el mayor de Brasil. El proyecto de reforma, que respeta su concepción original, ha incluido la demolición completa del anillo inferior para la construcción de una nueva grada con mejor visibilidad, la mejora de las rampas monumentales y la sustitución de todos los asientos, además de la instalación de un nuevo techo, que captará agua de lluvia para su reutilización. La fachada, inventariada por el Instituto del Patrimonio Histórico y Artístico Nacional, permanecerá intacta.</p>\r\n<p class=\"text-justify\">El Maracaná es el segundo punto turístico más visitado de Río de Janeiro, ha continuado atrayendo aficionados al fútbol de todos los rincones del globo durante el periodo que estuvo en obras. Los visitantes pueden observar las actividades de los trabajadores de la Torre de Vidrio, creada especialmente para la ocasión, e incluso llevarse a casa un pedazo del estadio como recuerdo.</p>');

/*Table structure for table `ganador` */

DROP TABLE IF EXISTS `ganador`;

CREATE TABLE `ganador` (
  `id_quiniela` smallint(5) NOT NULL,
  `id_partido` smallint(5) NOT NULL,
  `id_equipo` smallint(5) DEFAULT NULL,
  PRIMARY KEY (`id_quiniela`,`id_partido`),
  KEY `partido_ganador` (`id_partido`),
  KEY `equipo_ganador` (`id_equipo`),
  CONSTRAINT `equipo_ganador` FOREIGN KEY (`id_equipo`) REFERENCES `equipo` (`id`),
  CONSTRAINT `partido_ganador` FOREIGN KEY (`id_partido`) REFERENCES `partido` (`id`),
  CONSTRAINT `quiniela_ganador` FOREIGN KEY (`id_quiniela`) REFERENCES `quiniela` (`id`)
) ENGINE=InnoDB DEFAULT CHARSET=utf8;

/*Data for the table `ganador` */

insert  into `ganador`(`id_quiniela`,`id_partido`,`id_equipo`) values (87,1,NULL),(87,3,NULL),(87,4,NULL),(87,5,NULL),(87,7,NULL),(87,8,NULL),(87,9,NULL),(87,10,NULL),(87,11,NULL),(87,12,NULL),(87,13,NULL),(87,15,NULL),(87,16,NULL),(87,17,NULL),(87,18,NULL),(87,19,NULL),(87,20,NULL),(87,23,NULL),(87,24,NULL),(87,25,NULL),(87,26,NULL),(87,27,NULL),(87,28,NULL),(87,29,NULL),(87,30,NULL),(87,31,NULL),(87,32,NULL),(87,33,NULL),(87,34,NULL),(87,36,NULL),(87,37,NULL),(87,38,NULL),(87,39,NULL),(87,41,NULL),(87,42,NULL),(87,43,NULL),(87,44,NULL),(87,45,NULL),(87,46,NULL),(87,47,NULL),(87,48,NULL),(88,1,NULL),(88,3,NULL),(88,4,NULL),(88,5,NULL),(88,7,NULL),(88,8,NULL),(88,9,NULL),(88,10,NULL),(88,11,NULL),(88,12,NULL),(88,13,NULL),(88,15,NULL),(88,16,NULL),(88,17,NULL),(88,18,NULL),(88,19,NULL),(88,20,NULL),(88,23,NULL),(88,24,NULL),(88,25,NULL),(88,26,NULL),(88,27,NULL),(88,28,NULL),(88,29,NULL),(88,30,NULL),(88,31,NULL),(88,32,NULL),(88,33,NULL),(88,34,NULL),(88,36,NULL),(88,37,NULL),(88,38,NULL),(88,39,NULL),(88,41,NULL),(88,42,NULL),(88,43,NULL),(88,44,NULL),(88,45,NULL),(88,46,NULL),(88,47,NULL),(88,48,NULL),(89,1,NULL),(89,3,NULL),(89,4,NULL),(89,5,NULL),(89,7,NULL),(89,8,NULL),(89,9,NULL),(89,10,NULL),(89,11,NULL),(89,12,NULL),(89,13,NULL),(89,15,NULL),(89,16,NULL),(89,17,NULL),(89,18,NULL),(89,19,NULL),(89,20,NULL),(89,23,NULL),(89,24,NULL),(89,25,NULL),(89,26,NULL),(89,27,NULL),(89,28,NULL),(89,29,NULL),(89,30,NULL),(89,31,NULL),(89,32,NULL),(89,33,NULL),(89,34,NULL),(89,36,NULL),(89,37,NULL),(89,38,NULL),(89,39,NULL),(89,41,NULL),(89,42,NULL),(89,43,NULL),(89,44,NULL),(89,45,NULL),(89,46,NULL),(89,47,NULL),(89,48,NULL),(90,1,NULL),(90,3,NULL),(90,4,NULL),(90,5,NULL),(90,7,NULL),(90,8,NULL),(90,9,NULL),(90,10,NULL),(90,11,NULL),(90,12,NULL),(90,13,NULL),(90,15,NULL),(90,16,NULL),(90,17,NULL),(90,18,NULL),(90,19,NULL),(90,20,NULL),(90,23,NULL),(90,24,NULL),(90,25,NULL),(90,26,NULL),(90,27,NULL),(90,28,NULL),(90,29,NULL),(90,30,NULL),(90,31,NULL),(90,32,NULL),(90,33,NULL),(90,34,NULL),(90,36,NULL),(90,37,NULL),(90,38,NULL),(90,39,NULL),(90,41,NULL),(90,42,NULL),(90,43,NULL),(90,44,NULL),(90,45,NULL),(90,46,NULL),(90,47,NULL),(90,48,NULL),(92,1,NULL),(92,3,NULL),(92,4,NULL),(92,5,NULL),(92,7,NULL),(92,8,NULL),(92,9,NULL),(92,10,NULL),(92,11,NULL),(92,12,NULL),(92,13,NULL),(92,15,NULL),(92,16,NULL),(92,17,NULL),(92,18,NULL),(92,19,NULL),(92,20,NULL),(92,23,NULL),(92,24,NULL),(92,25,NULL),(92,26,NULL),(92,27,NULL),(92,28,NULL),(92,29,NULL),(92,30,NULL),(92,31,NULL),(92,32,NULL),(92,33,NULL),(92,34,NULL),(92,36,NULL),(92,37,NULL),(92,38,NULL),(92,39,NULL),(92,41,NULL),(92,42,NULL),(92,43,NULL),(92,44,NULL),(92,45,NULL),(92,46,NULL),(92,47,NULL),(92,48,NULL),(94,1,NULL),(94,3,NULL),(94,4,NULL),(94,5,NULL),(94,7,NULL),(94,8,NULL),(94,9,NULL),(94,10,NULL),(94,11,NULL),(94,12,NULL),(94,13,NULL),(94,15,NULL),(94,16,NULL),(94,17,NULL),(94,18,NULL),(94,19,NULL),(94,20,NULL),(94,23,NULL),(94,24,NULL),(94,25,NULL),(94,26,NULL),(94,27,NULL),(94,28,NULL),(94,29,NULL),(94,30,NULL),(94,31,NULL),(94,32,NULL),(94,33,NULL),(94,34,NULL),(94,36,NULL),(94,37,NULL),(94,38,NULL),(94,39,NULL),(94,41,NULL),(94,42,NULL),(94,43,NULL),(94,44,NULL),(94,45,NULL),(94,46,NULL),(94,47,NULL),(94,48,NULL),(96,1,NULL),(96,3,NULL),(96,4,NULL),(96,5,NULL),(96,7,NULL),(96,8,NULL),(96,9,NULL),(96,10,NULL),(96,11,NULL),(96,12,NULL),(96,13,NULL),(96,15,NULL),(96,16,NULL),(96,17,NULL),(96,18,NULL),(96,19,NULL),(96,20,NULL),(96,23,NULL),(96,24,NULL),(96,25,NULL),(96,26,NULL),(96,27,NULL),(96,28,NULL),(96,29,NULL),(96,30,NULL),(96,31,NULL),(96,32,NULL),(96,33,NULL),(96,34,NULL),(96,36,NULL),(96,37,NULL),(96,38,NULL),(96,39,NULL),(96,41,NULL),(96,42,NULL),(96,43,NULL),(96,44,NULL),(96,45,NULL),(96,46,NULL),(96,47,NULL),(96,48,NULL),(98,1,NULL),(98,4,NULL),(98,7,NULL),(98,8,NULL),(98,9,NULL),(98,10,NULL),(98,12,NULL),(98,14,NULL),(98,17,NULL),(98,18,NULL),(98,19,NULL),(98,20,NULL),(98,29,NULL),(98,31,NULL),(98,33,NULL),(98,36,NULL),(98,46,NULL),(98,48,NULL),(100,1,NULL),(100,4,NULL),(100,7,NULL),(100,8,NULL),(100,9,NULL),(100,10,NULL),(100,12,NULL),(100,14,NULL),(100,17,NULL),(100,18,NULL),(100,19,NULL),(100,20,NULL),(100,29,NULL),(100,31,NULL),(100,33,NULL),(100,36,NULL),(100,46,NULL),(100,48,NULL),(87,51,2),(88,51,2),(89,51,2),(90,51,2),(92,51,2),(94,51,2),(96,51,2),(98,34,2),(98,58,2),(100,34,2),(100,58,2),(87,2,3),(88,2,3),(89,2,3),(90,2,3),(92,2,3),(94,2,3),(96,2,3),(87,49,4),(88,49,4),(89,49,4),(90,49,4),(92,49,4),(94,49,4),(96,49,4),(98,2,4),(100,2,4),(87,62,5),(88,62,5),(89,62,5),(90,62,5),(92,62,5),(92,64,5),(94,62,5),(96,62,5),(98,3,5),(98,35,5),(100,3,5),(100,35,5),(98,52,7),(98,56,7),(100,52,7),(100,56,7),(87,35,8),(87,58,8),(88,35,8),(88,58,8),(89,35,8),(89,58,8),(90,35,8),(90,58,8),(92,35,8),(92,58,8),(94,35,8),(94,58,8),(96,35,8),(96,58,8),(98,5,9),(100,5,9),(87,22,10),(88,22,10),(89,22,10),(90,22,10),(92,22,10),(94,22,10),(96,22,10),(98,38,10),(100,38,10),(87,21,11),(88,21,11),(89,21,11),(90,21,11),(92,21,11),(94,21,11),(96,21,11),(98,21,11),(100,21,11),(87,6,12),(88,6,12),(89,6,12),(90,6,12),(92,6,12),(94,6,12),(96,6,12),(98,6,12),(98,22,12),(98,37,12),(100,6,12),(100,22,12),(100,37,12),(87,40,14),(88,40,14),(89,40,14),(90,40,14),(92,40,14),(94,40,14),(96,40,14),(98,40,14),(100,40,14),(98,23,15),(100,23,15),(98,24,16),(98,39,16),(100,24,16),(100,39,16),(87,55,18),(87,59,18),(88,55,18),(88,59,18),(89,55,18),(89,59,18),(90,55,18),(90,59,18),(92,55,18),(92,59,18),(94,55,18),(94,59,18),(96,55,18),(96,59,18),(96,64,18),(98,26,18),(98,42,18),(100,26,18),(100,42,18),(98,25,19),(98,60,19),(100,25,19),(100,60,19),(98,41,20),(100,41,20),(98,11,21),(98,49,21),(98,59,21),(100,11,21),(100,49,21),(100,59,21),(87,53,22),(88,53,22),(89,53,22),(90,53,22),(92,53,22),(94,53,22),(96,53,22),(98,28,22),(98,50,22),(100,28,22),(100,50,22),(98,27,23),(98,44,23),(100,27,23),(100,44,23),(98,43,24),(100,43,24),(87,50,25),(87,52,25),(87,54,25),(87,56,25),(87,60,25),(87,61,25),(87,64,25),(88,50,25),(88,52,25),(88,54,25),(88,56,25),(88,60,25),(88,61,25),(88,64,25),(89,50,25),(89,52,25),(89,54,25),(89,56,25),(89,60,25),(89,61,25),(89,64,25),(90,50,25),(90,52,25),(90,54,25),(90,56,25),(90,60,25),(90,61,25),(90,64,25),(92,50,25),(92,52,25),(92,54,25),(92,56,25),(92,60,25),(92,61,25),(94,50,25),(94,52,25),(94,54,25),(94,56,25),(94,60,25),(94,61,25),(96,50,25),(96,52,25),(96,54,25),(96,56,25),(96,60,25),(96,61,25),(98,13,25),(98,53,25),(98,55,25),(98,57,25),(98,61,25),(98,63,25),(98,64,25),(100,13,25),(100,53,25),(100,55,25),(100,57,25),(100,61,25),(100,63,25),(100,64,25),(94,64,27),(87,14,28),(88,14,28),(89,14,28),(90,14,28),(92,14,28),(94,14,28),(96,14,28),(98,30,28),(98,45,28),(100,30,28),(100,45,28),(98,47,29),(98,62,29),(100,47,29),(100,62,29),(87,57,30),(88,57,30),(89,57,30),(90,57,30),(92,57,30),(94,57,30),(96,57,30),(98,15,30),(98,32,30),(98,51,30),(100,15,30),(100,32,30),(100,51,30),(98,16,31),(100,16,31),(98,54,32),(100,54,32);

/*Table structure for table `grupo` */

DROP TABLE IF EXISTS `grupo`;

CREATE TABLE `grupo` (
  `id` smallint(5) NOT NULL AUTO_INCREMENT,
  `letra` char(1) NOT NULL,
  PRIMARY KEY (`id`)
) ENGINE=InnoDB AUTO_INCREMENT=9 DEFAULT CHARSET=utf8;

/*Data for the table `grupo` */

insert  into `grupo`(`id`,`letra`) values (1,'A'),(2,'B'),(3,'C'),(4,'D'),(5,'E'),(6,'F'),(7,'G'),(8,'H');

/*Table structure for table `partido` */

DROP TABLE IF EXISTS `partido`;

CREATE TABLE `partido` (
  `id` smallint(5) NOT NULL AUTO_INCREMENT,
  `fecha` date NOT NULL,
  `fase` char(1) NOT NULL COMMENT '{"es":{"0":"Grupos","1":"Octavos","2":"Cuartos","3":"Semi-Final","4":"Final Tercer Lugar","5":"Final"}',
  `id_equipo` smallint(5) DEFAULT NULL,
  PRIMARY KEY (`id`),
  KEY `equipo_partido` (`id_equipo`),
  CONSTRAINT `equipo_partido` FOREIGN KEY (`id_equipo`) REFERENCES `equipo` (`id`)
) ENGINE=InnoDB AUTO_INCREMENT=65 DEFAULT CHARSET=utf8;

/*Data for the table `partido` */

insert  into `partido`(`id`,`fecha`,`fase`,`id_equipo`) values (1,'2014-06-12','0',NULL),(2,'2014-06-13','0',NULL),(3,'2014-06-13','0',NULL),(4,'2014-06-13','0',NULL),(5,'2014-06-14','0',NULL),(6,'2014-06-14','0',NULL),(7,'2014-06-14','0',NULL),(8,'2014-06-14','0',NULL),(9,'2014-06-15','0',NULL),(10,'2014-06-15','0',NULL),(11,'2014-06-15','0',NULL),(12,'2014-06-16','0',NULL),(13,'2014-06-16','0',NULL),(14,'2014-06-16','0',NULL),(15,'2014-06-17','0',NULL),(16,'2014-06-17','0',NULL),(17,'2014-06-17','0',NULL),(18,'2014-06-18','0',NULL),(19,'2014-06-18','0',NULL),(20,'2014-06-18','0',NULL),(21,'2014-06-19','0',NULL),(22,'2014-06-19','0',NULL),(23,'2014-06-19','0',NULL),(24,'2014-06-20','0',NULL),(25,'2014-06-20','0',NULL),(26,'2014-06-20','0',NULL),(27,'2014-06-21','0',NULL),(28,'2014-06-21','0',NULL),(29,'2014-06-21','0',NULL),(30,'2014-06-22','0',NULL),(31,'2014-06-22','0',NULL),(32,'2014-06-22','0',NULL),(33,'2014-06-23','0',NULL),(34,'2014-06-23','0',NULL),(35,'2014-06-23','0',NULL),(36,'2014-06-23','0',NULL),(37,'2014-06-24','0',NULL),(38,'2014-06-24','0',NULL),(39,'2014-06-24','0',NULL),(40,'2014-06-24','0',NULL),(41,'2014-06-25','0',NULL),(42,'2014-06-25','0',NULL),(43,'2014-06-25','0',NULL),(44,'2014-06-25','0',NULL),(45,'2014-06-26','0',NULL),(46,'2014-06-26','0',NULL),(47,'2014-06-26','0',NULL),(48,'2014-06-26','0',NULL),(49,'2014-06-28','1',NULL),(50,'2014-06-28','1',NULL),(51,'2014-06-29','1',NULL),(52,'2014-06-29','1',NULL),(53,'2014-06-30','1',NULL),(54,'2014-06-30','1',NULL),(55,'2014-07-01','1',NULL),(56,'2014-07-01','1',NULL),(57,'2014-07-04','2',NULL),(58,'2014-07-04','2',NULL),(59,'2014-07-05','2',NULL),(60,'2014-07-05','2',NULL),(61,'2014-07-08','3',NULL),(62,'2014-07-09','3',NULL),(63,'2014-07-12','4',NULL),(64,'2014-07-13','5',NULL);

/*Table structure for table `quiniela` */

DROP TABLE IF EXISTS `quiniela`;

CREATE TABLE `quiniela` (
  `id` smallint(5) NOT NULL AUTO_INCREMENT,
  `numero` smallint(6) unsigned zerofill NOT NULL COMMENT 'unique',
  `activo` tinyint(1) NOT NULL COMMENT '{"es":["No","Si"]}',
  `id_usuario` smallint(5) NOT NULL,
  PRIMARY KEY (`id`),
  KEY `usuario_quiniela` (`id_usuario`),
  CONSTRAINT `usuario_quiniela` FOREIGN KEY (`id_usuario`) REFERENCES `usuario` (`id`)
) ENGINE=InnoDB AUTO_INCREMENT=101 DEFAULT CHARSET=utf8;

/*Data for the table `quiniela` */

insert  into `quiniela`(`id`,`numero`,`activo`,`id_usuario`) values (72,000001,1,12),(74,000002,0,12),(79,000003,0,12),(80,000004,0,12),(81,000005,0,12),(82,000006,0,12),(83,000007,0,12),(84,000008,0,12),(85,000009,0,12),(87,000010,0,12),(88,000011,0,12),(89,000012,0,12),(90,000013,0,12),(92,000014,0,12),(94,000015,0,12),(96,000016,0,12),(98,000017,0,12),(100,000018,0,12);

/*Table structure for table `resultado` */

DROP TABLE IF EXISTS `resultado`;

CREATE TABLE `resultado` (
  `id_partido` smallint(5) NOT NULL,
  `id_quiniela` smallint(5) NOT NULL,
  `id_equipo` smallint(5) NOT NULL,
  `goles` tinyint(2) NOT NULL,
  PRIMARY KEY (`id_partido`,`id_quiniela`,`id_equipo`),
  KEY `quiniela_resultado` (`id_quiniela`),
  KEY `equipo_resultado` (`id_equipo`),
  CONSTRAINT `equipo_resultado` FOREIGN KEY (`id_equipo`) REFERENCES `equipo` (`id`),
  CONSTRAINT `partido_resultado` FOREIGN KEY (`id_partido`) REFERENCES `partido` (`id`),
  CONSTRAINT `quiniela_resultado` FOREIGN KEY (`id_quiniela`) REFERENCES `quiniela` (`id`)
) ENGINE=InnoDB DEFAULT CHARSET=utf8;

/*Data for the table `resultado` */

insert  into `resultado`(`id_partido`,`id_quiniela`,`id_equipo`,`goles`) values (1,72,1,1),(1,72,2,1),(1,74,1,1),(1,74,2,1),(1,79,1,1),(1,79,2,1),(1,80,1,1),(1,80,2,1),(1,81,1,1),(1,81,2,1),(1,82,1,1),(1,82,2,1),(1,83,1,1),(1,83,2,1),(1,84,1,1),(1,84,2,1),(1,85,1,1),(1,85,2,1),(1,87,1,1),(1,87,2,1),(1,88,1,1),(1,88,2,1),(1,89,1,1),(1,89,2,1),(1,90,1,1),(1,90,2,1),(1,92,1,1),(1,92,2,1),(1,94,1,1),(1,94,2,1),(1,96,1,1),(1,96,2,1),(1,98,1,5),(1,98,2,5),(1,100,1,5),(1,100,2,5),(2,72,3,5),(2,72,4,4),(2,74,3,5),(2,74,4,4),(2,79,3,5),(2,79,4,4),(2,80,3,5),(2,80,4,4),(2,81,3,5),(2,81,4,4),(2,82,3,5),(2,82,4,4),(2,83,3,5),(2,83,4,4),(2,84,3,5),(2,84,4,4),(2,85,3,5),(2,85,4,4),(2,87,3,5),(2,87,4,4),(2,88,3,5),(2,88,4,4),(2,89,3,5),(2,89,4,4),(2,90,3,5),(2,90,4,4),(2,92,3,5),(2,92,4,4),(2,94,3,5),(2,94,4,4),(2,96,3,5),(2,96,4,4),(2,98,3,12),(2,98,4,23),(2,100,3,12),(2,100,4,23),(3,72,5,1),(3,72,6,1),(3,74,5,1),(3,74,6,1),(3,79,5,1),(3,79,6,1),(3,80,5,1),(3,80,6,1),(3,81,5,1),(3,81,6,1),(3,82,5,1),(3,82,6,1),(3,83,5,1),(3,83,6,1),(3,84,5,1),(3,84,6,1),(3,85,5,1),(3,85,6,1),(3,87,5,1),(3,87,6,1),(3,88,5,1),(3,88,6,1),(3,89,5,1),(3,89,6,1),(3,90,5,1),(3,90,6,1),(3,92,5,1),(3,92,6,1),(3,94,5,1),(3,94,6,1),(3,96,5,1),(3,96,6,1),(3,98,5,12),(3,98,6,1),(3,100,5,12),(3,100,6,1),(4,72,7,1),(4,72,8,1),(4,74,7,1),(4,74,8,1),(4,79,7,1),(4,79,8,1),(4,80,7,1),(4,80,8,1),(4,81,7,1),(4,81,8,1),(4,82,7,1),(4,82,8,1),(4,83,7,1),(4,83,8,1),(4,84,7,1),(4,84,8,1),(4,85,7,1),(4,85,8,1),(4,87,7,1),(4,87,8,1),(4,88,7,1),(4,88,8,1),(4,89,7,1),(4,89,8,1),(4,90,7,1),(4,90,8,1),(4,92,7,1),(4,92,8,1),(4,94,7,1),(4,94,8,1),(4,96,7,1),(4,96,8,1),(4,98,7,12),(4,98,8,12),(4,100,7,12),(4,100,8,12),(5,72,9,1),(5,72,10,1),(5,74,9,1),(5,74,10,1),(5,79,9,1),(5,79,10,1),(5,80,9,1),(5,80,10,1),(5,81,9,1),(5,81,10,1),(5,82,9,1),(5,82,10,1),(5,83,9,1),(5,83,10,1),(5,84,9,1),(5,84,10,1),(5,85,9,1),(5,85,10,1),(5,87,9,1),(5,87,10,1),(5,88,9,1),(5,88,10,1),(5,89,9,1),(5,89,10,1),(5,90,9,1),(5,90,10,1),(5,92,9,1),(5,92,10,1),(5,94,9,1),(5,94,10,1),(5,96,9,1),(5,96,10,1),(5,98,9,21),(5,98,10,2),(5,100,9,21),(5,100,10,2),(6,72,11,2),(6,72,12,12),(6,74,11,2),(6,74,12,12),(6,79,11,2),(6,79,12,12),(6,80,11,2),(6,80,12,12),(6,81,11,2),(6,81,12,12),(6,82,11,2),(6,82,12,12),(6,83,11,2),(6,83,12,12),(6,84,11,2),(6,84,12,12),(6,85,11,2),(6,85,12,12),(6,87,11,2),(6,87,12,12),(6,88,11,2),(6,88,12,12),(6,89,11,2),(6,89,12,12),(6,90,11,2),(6,90,12,12),(6,92,11,2),(6,92,12,12),(6,94,11,2),(6,94,12,12),(6,96,11,2),(6,96,12,12),(6,98,11,2),(6,98,12,12),(6,100,11,2),(6,100,12,12),(7,72,13,3),(7,72,14,3),(7,74,13,3),(7,74,14,3),(7,79,13,3),(7,79,14,3),(7,80,13,3),(7,80,14,3),(7,81,13,3),(7,81,14,3),(7,82,13,3),(7,82,14,3),(7,83,13,3),(7,83,14,3),(7,84,13,3),(7,84,14,3),(7,85,13,3),(7,85,14,3),(7,87,13,3),(7,87,14,3),(7,88,13,3),(7,88,14,3),(7,89,13,3),(7,89,14,3),(7,90,13,3),(7,90,14,3),(7,92,13,3),(7,92,14,3),(7,94,13,3),(7,94,14,3),(7,96,13,3),(7,96,14,3),(7,98,13,12),(7,98,14,12),(7,100,13,12),(7,100,14,12),(8,72,15,3),(8,72,16,3),(8,74,15,3),(8,74,16,3),(8,79,15,3),(8,79,16,3),(8,80,15,3),(8,80,16,3),(8,81,15,3),(8,81,16,3),(8,82,15,3),(8,82,16,3),(8,83,15,3),(8,83,16,3),(8,84,15,3),(8,84,16,3),(8,85,15,3),(8,85,16,3),(8,87,15,3),(8,87,16,3),(8,88,15,3),(8,88,16,3),(8,89,15,3),(8,89,16,3),(8,90,15,3),(8,90,16,3),(8,92,15,3),(8,92,16,3),(8,94,15,3),(8,94,16,3),(8,96,15,3),(8,96,16,3),(8,98,15,12),(8,98,16,12),(8,100,15,12),(8,100,16,12),(9,72,17,3),(9,72,18,3),(9,74,17,3),(9,74,18,3),(9,79,17,3),(9,79,18,3),(9,80,17,3),(9,80,18,3),(9,81,17,3),(9,81,18,3),(9,82,17,3),(9,82,18,3),(9,83,17,3),(9,83,18,3),(9,84,17,3),(9,84,18,3),(9,85,17,3),(9,85,18,3),(9,87,17,3),(9,87,18,3),(9,88,17,3),(9,88,18,3),(9,89,17,3),(9,89,18,3),(9,90,17,3),(9,90,18,3),(9,92,17,3),(9,92,18,3),(9,94,17,3),(9,94,18,3),(9,96,17,3),(9,96,18,3),(9,98,17,12),(9,98,18,12),(9,100,17,12),(9,100,18,12),(10,72,19,3),(10,72,20,3),(10,74,19,3),(10,74,20,3),(10,79,19,3),(10,79,20,3),(10,80,19,3),(10,80,20,3),(10,81,19,3),(10,81,20,3),(10,82,19,3),(10,82,20,3),(10,83,19,3),(10,83,20,3),(10,84,19,3),(10,84,20,3),(10,85,19,3),(10,85,20,3),(10,87,19,3),(10,87,20,3),(10,88,19,3),(10,88,20,3),(10,89,19,3),(10,89,20,3),(10,90,19,3),(10,90,20,3),(10,92,19,3),(10,92,20,3),(10,94,19,3),(10,94,20,3),(10,96,19,3),(10,96,20,3),(10,98,19,12),(10,98,20,12),(10,100,19,12),(10,100,20,12),(11,72,21,3),(11,72,22,3),(11,74,21,3),(11,74,22,3),(11,79,21,3),(11,79,22,3),(11,80,21,3),(11,80,22,3),(11,81,21,3),(11,81,22,3),(11,82,21,3),(11,82,22,3),(11,83,21,3),(11,83,22,3),(11,84,21,3),(11,84,22,3),(11,85,21,3),(11,85,22,3),(11,87,21,3),(11,87,22,3),(11,88,21,3),(11,88,22,3),(11,89,21,3),(11,89,22,3),(11,90,21,3),(11,90,22,3),(11,92,21,3),(11,92,22,3),(11,94,21,3),(11,94,22,3),(11,96,21,3),(11,96,22,3),(11,98,21,78),(11,98,22,7),(11,100,21,78),(11,100,22,7),(12,72,23,3),(12,72,24,3),(12,74,23,3),(12,74,24,3),(12,79,23,3),(12,79,24,3),(12,80,23,3),(12,80,24,3),(12,81,23,3),(12,81,24,3),(12,82,23,3),(12,82,24,3),(12,83,23,3),(12,83,24,3),(12,84,23,3),(12,84,24,3),(12,85,23,3),(12,85,24,3),(12,87,23,3),(12,87,24,3),(12,88,23,3),(12,88,24,3),(12,89,23,3),(12,89,24,3),(12,90,23,3),(12,90,24,3),(12,92,23,3),(12,92,24,3),(12,94,23,3),(12,94,24,3),(12,96,23,3),(12,96,24,3),(12,98,23,87),(12,98,24,87),(12,100,23,87),(12,100,24,87),(13,72,25,3),(13,72,26,3),(13,74,25,3),(13,74,26,3),(13,79,25,3),(13,79,26,3),(13,80,25,3),(13,80,26,3),(13,81,25,3),(13,81,26,3),(13,82,25,3),(13,82,26,3),(13,83,25,3),(13,83,26,3),(13,84,25,3),(13,84,26,3),(13,85,25,3),(13,85,26,3),(13,87,25,3),(13,87,26,3),(13,88,25,3),(13,88,26,3),(13,89,25,3),(13,89,26,3),(13,90,25,3),(13,90,26,3),(13,92,25,3),(13,92,26,3),(13,94,25,3),(13,94,26,3),(13,96,25,3),(13,96,26,3),(13,98,25,32),(13,98,26,1),(13,100,25,32),(13,100,26,1),(14,72,27,3),(14,72,28,5),(14,74,27,3),(14,74,28,5),(14,79,27,3),(14,79,28,5),(14,80,27,3),(14,80,28,5),(14,81,27,3),(14,81,28,5),(14,82,27,3),(14,82,28,5),(14,83,27,3),(14,83,28,5),(14,84,27,3),(14,84,28,5),(14,85,27,3),(14,85,28,5),(14,87,27,3),(14,87,28,5),(14,88,27,3),(14,88,28,5),(14,89,27,3),(14,89,28,5),(14,90,27,3),(14,90,28,5),(14,92,27,3),(14,92,28,5),(14,94,27,3),(14,94,28,5),(14,96,27,3),(14,96,28,5),(14,98,27,23),(14,98,28,23),(14,100,27,23),(14,100,28,23),(15,72,29,5),(15,72,30,5),(15,74,29,5),(15,74,30,5),(15,79,29,5),(15,79,30,5),(15,80,29,5),(15,80,30,5),(15,81,29,5),(15,81,30,5),(15,82,29,5),(15,82,30,5),(15,83,29,5),(15,83,30,5),(15,84,29,5),(15,84,30,5),(15,85,29,5),(15,85,30,5),(15,87,29,5),(15,87,30,5),(15,88,29,5),(15,88,30,5),(15,89,29,5),(15,89,30,5),(15,90,29,5),(15,90,30,5),(15,92,29,5),(15,92,30,5),(15,94,29,5),(15,94,30,5),(15,96,29,5),(15,96,30,5),(15,98,29,8),(15,98,30,12),(15,100,29,5),(15,100,30,12),(16,72,31,5),(16,72,32,5),(16,74,31,5),(16,74,32,5),(16,79,31,5),(16,79,32,5),(16,80,31,5),(16,80,32,5),(16,81,31,5),(16,81,32,5),(16,82,31,5),(16,82,32,5),(16,83,31,5),(16,83,32,5),(16,84,31,5),(16,84,32,5),(16,85,31,5),(16,85,32,5),(16,87,31,5),(16,87,32,5),(16,88,31,5),(16,88,32,5),(16,89,31,5),(16,89,32,5),(16,90,31,5),(16,90,32,5),(16,92,31,5),(16,92,32,5),(16,94,31,5),(16,94,32,5),(16,96,31,5),(16,96,32,5),(16,98,31,12),(16,98,32,1),(16,100,31,12),(16,100,32,1),(17,72,1,1),(17,72,3,1),(17,74,1,1),(17,74,3,1),(17,79,1,1),(17,79,3,1),(17,80,1,1),(17,80,3,1),(17,81,1,1),(17,81,3,1),(17,82,1,1),(17,82,3,1),(17,83,1,1),(17,83,3,1),(17,84,1,1),(17,84,3,1),(17,85,1,1),(17,85,3,1),(17,87,1,1),(17,87,3,1),(17,88,1,1),(17,88,3,1),(17,89,1,1),(17,89,3,1),(17,90,1,1),(17,90,3,1),(17,92,1,1),(17,92,3,1),(17,94,1,1),(17,94,3,1),(17,96,1,1),(17,96,3,1),(17,98,1,23),(17,98,3,23),(17,100,1,23),(17,100,3,23),(18,72,2,1),(18,72,4,1),(18,74,2,1),(18,74,4,1),(18,79,2,1),(18,79,4,1),(18,80,2,1),(18,80,4,1),(18,81,2,1),(18,81,4,1),(18,82,2,1),(18,82,4,1),(18,83,2,1),(18,83,4,1),(18,84,2,1),(18,84,4,1),(18,85,2,1),(18,85,4,1),(18,87,2,1),(18,87,4,1),(18,88,2,1),(18,88,4,1),(18,89,2,1),(18,89,4,1),(18,90,2,1),(18,90,4,1),(18,92,2,1),(18,92,4,1),(18,94,2,1),(18,94,4,1),(18,96,2,1),(18,96,4,1),(18,98,2,21),(18,98,4,21),(18,100,2,21),(18,100,4,21),(19,72,5,1),(19,72,7,1),(19,74,5,1),(19,74,7,1),(19,79,5,1),(19,79,7,1),(19,80,5,1),(19,80,7,1),(19,81,5,1),(19,81,7,1),(19,82,5,1),(19,82,7,1),(19,83,5,1),(19,83,7,1),(19,84,5,1),(19,84,7,1),(19,85,5,1),(19,85,7,1),(19,87,5,1),(19,87,7,1),(19,88,5,1),(19,88,7,1),(19,89,5,1),(19,89,7,1),(19,90,5,1),(19,90,7,1),(19,92,5,1),(19,92,7,1),(19,94,5,1),(19,94,7,1),(19,96,5,1),(19,96,7,1),(19,98,5,12),(19,98,7,12),(19,100,5,12),(19,100,7,12),(20,72,6,1),(20,72,8,1),(20,74,6,1),(20,74,8,1),(20,79,6,1),(20,79,8,1),(20,80,6,1),(20,80,8,1),(20,81,6,1),(20,81,8,1),(20,82,6,1),(20,82,8,1),(20,83,6,1),(20,83,8,1),(20,84,6,1),(20,84,8,1),(20,85,6,1),(20,85,8,1),(20,87,6,1),(20,87,8,1),(20,88,6,1),(20,88,8,1),(20,89,6,1),(20,89,8,1),(20,90,6,1),(20,90,8,1),(20,92,6,1),(20,92,8,1),(20,94,6,1),(20,94,8,1),(20,96,6,1),(20,96,8,1),(20,98,6,12),(20,98,8,12),(20,100,6,12),(20,100,8,12),(21,72,9,1),(21,72,11,4),(21,74,9,1),(21,74,11,4),(21,79,9,1),(21,79,11,4),(21,80,9,1),(21,80,11,4),(21,81,9,1),(21,81,11,4),(21,82,9,1),(21,82,11,4),(21,83,9,1),(21,83,11,4),(21,84,9,1),(21,84,11,4),(21,85,9,1),(21,85,11,4),(21,87,9,1),(21,87,11,4),(21,88,9,1),(21,88,11,4),(21,89,9,1),(21,89,11,4),(21,90,9,1),(21,90,11,4),(21,92,9,1),(21,92,11,4),(21,94,9,1),(21,94,11,4),(21,96,9,1),(21,96,11,4),(21,98,9,1),(21,98,11,21),(21,100,9,1),(21,100,11,21),(22,72,10,6),(22,72,12,5),(22,74,10,6),(22,74,12,5),(22,79,10,6),(22,79,12,5),(22,80,10,6),(22,80,12,5),(22,81,10,6),(22,81,12,5),(22,82,10,6),(22,82,12,5),(22,83,10,6),(22,83,12,5),(22,84,10,6),(22,84,12,5),(22,85,10,6),(22,85,12,5),(22,87,10,6),(22,87,12,5),(22,88,10,6),(22,88,12,5),(22,89,10,6),(22,89,12,5),(22,90,10,6),(22,90,12,5),(22,92,10,6),(22,92,12,5),(22,94,10,6),(22,94,12,5),(22,96,10,6),(22,96,12,5),(22,98,10,2),(22,98,12,21),(22,100,10,2),(22,100,12,21),(23,72,13,3),(23,72,15,3),(23,74,13,3),(23,74,15,3),(23,79,13,3),(23,79,15,3),(23,80,13,3),(23,80,15,3),(23,81,13,3),(23,81,15,3),(23,82,13,3),(23,82,15,3),(23,83,13,3),(23,83,15,3),(23,84,13,3),(23,84,15,3),(23,85,13,3),(23,85,15,3),(23,87,13,3),(23,87,15,3),(23,88,13,3),(23,88,15,3),(23,89,13,3),(23,89,15,3),(23,90,13,3),(23,90,15,3),(23,92,13,3),(23,92,15,3),(23,94,13,3),(23,94,15,3),(23,96,13,3),(23,96,15,3),(23,98,13,1),(23,98,15,21),(23,100,13,1),(23,100,15,21),(24,72,14,3),(24,72,16,3),(24,74,14,3),(24,74,16,3),(24,79,14,3),(24,79,16,3),(24,80,14,3),(24,80,16,3),(24,81,14,3),(24,81,16,3),(24,82,14,3),(24,82,16,3),(24,83,14,3),(24,83,16,3),(24,84,14,3),(24,84,16,3),(24,85,14,3),(24,85,16,3),(24,87,14,3),(24,87,16,3),(24,88,14,3),(24,88,16,3),(24,89,14,3),(24,89,16,3),(24,90,14,3),(24,90,16,3),(24,92,14,3),(24,92,16,3),(24,94,14,3),(24,94,16,3),(24,96,14,3),(24,96,16,3),(24,98,14,2),(24,98,16,21),(24,100,14,2),(24,100,16,21),(25,72,17,3),(25,72,19,3),(25,74,17,3),(25,74,19,3),(25,79,17,3),(25,79,19,3),(25,80,17,3),(25,80,19,3),(25,81,17,3),(25,81,19,3),(25,82,17,3),(25,82,19,3),(25,83,17,3),(25,83,19,3),(25,84,17,3),(25,84,19,3),(25,85,17,3),(25,85,19,3),(25,87,17,3),(25,87,19,3),(25,88,17,3),(25,88,19,3),(25,89,17,3),(25,89,19,3),(25,90,17,3),(25,90,19,3),(25,92,17,3),(25,92,19,3),(25,94,17,3),(25,94,19,3),(25,96,17,3),(25,96,19,3),(25,98,17,1),(25,98,19,32),(25,100,17,1),(25,100,19,32),(26,72,18,3),(26,72,20,3),(26,74,18,3),(26,74,20,3),(26,79,18,3),(26,79,20,3),(26,80,18,3),(26,80,20,3),(26,81,18,3),(26,81,20,3),(26,82,18,3),(26,82,20,3),(26,83,18,3),(26,83,20,3),(26,84,18,3),(26,84,20,3),(26,85,18,3),(26,85,20,3),(26,87,18,3),(26,87,20,3),(26,88,18,3),(26,88,20,3),(26,89,18,3),(26,89,20,3),(26,90,18,3),(26,90,20,3),(26,92,18,3),(26,92,20,3),(26,94,18,3),(26,94,20,3),(26,96,18,3),(26,96,20,3),(26,98,18,5),(26,98,20,3),(26,100,18,5),(26,100,20,3),(27,72,21,3),(27,72,23,3),(27,74,21,3),(27,74,23,3),(27,79,21,3),(27,79,23,3),(27,80,21,3),(27,80,23,3),(27,81,21,3),(27,81,23,3),(27,82,21,3),(27,82,23,3),(27,83,21,3),(27,83,23,3),(27,84,21,3),(27,84,23,3),(27,85,21,3),(27,85,23,3),(27,87,21,3),(27,87,23,3),(27,88,21,3),(27,88,23,3),(27,89,21,3),(27,89,23,3),(27,90,21,3),(27,90,23,3),(27,92,21,3),(27,92,23,3),(27,94,21,3),(27,94,23,3),(27,96,21,3),(27,96,23,3),(27,98,21,8),(27,98,23,78),(27,100,21,8),(27,100,23,78),(28,72,22,3),(28,72,24,3),(28,74,22,3),(28,74,24,3),(28,79,22,3),(28,79,24,3),(28,80,22,3),(28,80,24,3),(28,81,22,3),(28,81,24,3),(28,82,22,3),(28,82,24,3),(28,83,22,3),(28,83,24,3),(28,84,22,3),(28,84,24,3),(28,85,22,3),(28,85,24,3),(28,87,22,3),(28,87,24,3),(28,88,22,3),(28,88,24,3),(28,89,22,3),(28,89,24,3),(28,90,22,3),(28,90,24,3),(28,92,22,3),(28,92,24,3),(28,94,22,3),(28,94,24,3),(28,96,22,3),(28,96,24,3),(28,98,22,84),(28,98,24,7),(28,100,22,84),(28,100,24,7),(29,72,25,5),(29,72,27,5),(29,74,25,5),(29,74,27,5),(29,79,25,5),(29,79,27,5),(29,80,25,5),(29,80,27,5),(29,81,25,5),(29,81,27,5),(29,82,25,5),(29,82,27,5),(29,83,25,5),(29,83,27,5),(29,84,25,5),(29,84,27,5),(29,85,25,5),(29,85,27,5),(29,87,25,5),(29,87,27,5),(29,88,25,5),(29,88,27,5),(29,89,25,5),(29,89,27,5),(29,90,25,5),(29,90,27,5),(29,92,25,5),(29,92,27,5),(29,94,25,5),(29,94,27,5),(29,96,25,5),(29,96,27,5),(29,98,25,12),(29,98,27,12),(29,100,25,12),(29,100,27,12),(30,72,26,5),(30,72,28,5),(30,74,26,5),(30,74,28,5),(30,79,26,5),(30,79,28,5),(30,80,26,5),(30,80,28,5),(30,81,26,5),(30,81,28,5),(30,82,26,5),(30,82,28,5),(30,83,26,5),(30,83,28,5),(30,84,26,5),(30,84,28,5),(30,85,26,5),(30,85,28,5),(30,87,26,5),(30,87,28,5),(30,88,26,5),(30,88,28,5),(30,89,26,5),(30,89,28,5),(30,90,26,5),(30,90,28,5),(30,92,26,5),(30,92,28,5),(30,94,26,5),(30,94,28,5),(30,96,26,5),(30,96,28,5),(30,98,26,1),(30,98,28,12),(30,100,26,1),(30,100,28,12),(31,72,29,5),(31,72,31,5),(31,74,29,5),(31,74,31,5),(31,79,29,5),(31,79,31,5),(31,80,29,5),(31,80,31,5),(31,81,29,5),(31,81,31,5),(31,82,29,5),(31,82,31,5),(31,83,29,5),(31,83,31,5),(31,84,29,5),(31,84,31,5),(31,85,29,5),(31,85,31,5),(31,87,29,5),(31,87,31,5),(31,88,29,5),(31,88,31,5),(31,89,29,5),(31,89,31,5),(31,90,29,5),(31,90,31,5),(31,92,29,5),(31,92,31,5),(31,94,29,5),(31,94,31,5),(31,96,29,5),(31,96,31,5),(31,98,29,21),(31,98,31,21),(31,100,29,21),(31,100,31,21),(32,72,30,5),(32,72,32,5),(32,74,30,5),(32,74,32,5),(32,79,30,5),(32,79,32,5),(32,80,30,5),(32,80,32,5),(32,81,30,5),(32,81,32,5),(32,82,30,5),(32,82,32,5),(32,83,30,5),(32,83,32,5),(32,84,30,5),(32,84,32,5),(32,85,30,5),(32,85,32,5),(32,87,30,5),(32,87,32,5),(32,88,30,5),(32,88,32,5),(32,89,30,5),(32,89,32,5),(32,90,30,5),(32,90,32,5),(32,92,30,5),(32,92,32,5),(32,94,30,5),(32,94,32,5),(32,96,30,5),(32,96,32,5),(32,98,30,12),(32,98,32,2),(32,100,30,12),(32,100,32,2),(33,72,1,1),(33,72,4,1),(33,74,1,1),(33,74,4,1),(33,79,1,1),(33,79,4,1),(33,80,1,1),(33,80,4,1),(33,81,1,1),(33,81,4,1),(33,82,1,1),(33,82,4,1),(33,83,1,1),(33,83,4,1),(33,84,1,1),(33,84,4,1),(33,85,1,1),(33,85,4,1),(33,87,1,1),(33,87,4,1),(33,88,1,1),(33,88,4,1),(33,89,1,1),(33,89,4,1),(33,90,1,1),(33,90,4,1),(33,92,1,1),(33,92,4,1),(33,94,1,1),(33,94,4,1),(33,96,1,1),(33,96,4,1),(33,98,1,21),(33,98,4,21),(33,100,1,21),(33,100,4,21),(34,72,2,1),(34,72,3,1),(34,74,2,1),(34,74,3,1),(34,79,2,1),(34,79,3,1),(34,80,2,1),(34,80,3,1),(34,81,2,1),(34,81,3,1),(34,82,2,1),(34,82,3,1),(34,83,2,1),(34,83,3,1),(34,84,2,1),(34,84,3,1),(34,85,2,1),(34,85,3,1),(34,87,2,1),(34,87,3,1),(34,88,2,1),(34,88,3,1),(34,89,2,1),(34,89,3,1),(34,90,2,1),(34,90,3,1),(34,92,2,1),(34,92,3,1),(34,94,2,1),(34,94,3,1),(34,96,2,1),(34,96,3,1),(34,98,2,21),(34,98,3,2),(34,100,2,21),(34,100,3,2),(35,72,5,1),(35,72,8,11),(35,74,5,1),(35,74,8,11),(35,79,5,1),(35,79,8,11),(35,80,5,1),(35,80,8,11),(35,81,5,1),(35,81,8,11),(35,82,5,1),(35,82,8,11),(35,83,5,1),(35,83,8,11),(35,84,5,1),(35,84,8,11),(35,85,5,1),(35,85,8,11),(35,87,5,1),(35,87,8,11),(35,88,5,1),(35,88,8,11),(35,89,5,1),(35,89,8,11),(35,90,5,1),(35,90,8,11),(35,92,5,1),(35,92,8,11),(35,94,5,1),(35,94,8,11),(35,96,5,1),(35,96,8,11),(35,98,5,21),(35,98,8,1),(35,100,5,21),(35,100,8,1),(36,72,6,1),(36,72,7,1),(36,74,6,1),(36,74,7,1),(36,79,6,1),(36,79,7,1),(36,80,6,1),(36,80,7,1),(36,81,6,1),(36,81,7,1),(36,82,6,1),(36,82,7,1),(36,83,6,1),(36,83,7,1),(36,84,6,1),(36,84,7,1),(36,85,6,1),(36,85,7,1),(36,87,6,1),(36,87,7,1),(36,88,6,1),(36,88,7,1),(36,89,6,1),(36,89,7,1),(36,90,6,1),(36,90,7,1),(36,92,6,1),(36,92,7,1),(36,94,6,1),(36,94,7,1),(36,96,6,1),(36,96,7,1),(36,98,6,21),(36,98,7,21),(36,100,6,21),(36,100,7,21),(37,72,9,3),(37,72,12,3),(37,74,9,3),(37,74,12,3),(37,79,9,3),(37,79,12,3),(37,80,9,3),(37,80,12,3),(37,81,9,3),(37,81,12,3),(37,82,9,3),(37,82,12,3),(37,83,9,3),(37,83,12,3),(37,84,9,3),(37,84,12,3),(37,85,9,3),(37,85,12,3),(37,87,9,3),(37,87,12,3),(37,88,9,3),(37,88,12,3),(37,89,9,3),(37,89,12,3),(37,90,9,3),(37,90,12,3),(37,92,9,3),(37,92,12,3),(37,94,9,3),(37,94,12,3),(37,96,9,3),(37,96,12,3),(37,98,9,1),(37,98,12,12),(37,100,9,1),(37,100,12,12),(38,72,10,3),(38,72,11,3),(38,74,10,3),(38,74,11,3),(38,79,10,3),(38,79,11,3),(38,80,10,3),(38,80,11,3),(38,81,10,3),(38,81,11,3),(38,82,10,3),(38,82,11,3),(38,83,10,3),(38,83,11,3),(38,84,10,3),(38,84,11,3),(38,85,10,3),(38,85,11,3),(38,87,10,3),(38,87,11,3),(38,88,10,3),(38,88,11,3),(38,89,10,3),(38,89,11,3),(38,90,10,3),(38,90,11,3),(38,92,10,3),(38,92,11,3),(38,94,10,3),(38,94,11,3),(38,96,10,3),(38,96,11,3),(38,98,10,21),(38,98,11,2),(38,100,10,21),(38,100,11,2),(39,72,13,3),(39,72,16,3),(39,74,13,3),(39,74,16,3),(39,79,13,3),(39,79,16,3),(39,80,13,3),(39,80,16,3),(39,81,13,3),(39,81,16,3),(39,82,13,3),(39,82,16,3),(39,83,13,3),(39,83,16,3),(39,84,13,3),(39,84,16,3),(39,85,13,3),(39,85,16,3),(39,87,13,3),(39,87,16,3),(39,88,13,3),(39,88,16,3),(39,89,13,3),(39,89,16,3),(39,90,13,3),(39,90,16,3),(39,92,13,3),(39,92,16,3),(39,94,13,3),(39,94,16,3),(39,96,13,3),(39,96,16,3),(39,98,13,1),(39,98,16,12),(39,100,13,1),(39,100,16,12),(40,72,14,33),(40,72,15,1),(40,74,14,33),(40,74,15,1),(40,79,14,33),(40,79,15,1),(40,80,14,33),(40,80,15,1),(40,81,14,33),(40,81,15,1),(40,82,14,33),(40,82,15,1),(40,83,14,33),(40,83,15,1),(40,84,14,33),(40,84,15,1),(40,85,14,33),(40,85,15,1),(40,87,14,33),(40,87,15,1),(40,88,14,33),(40,88,15,1),(40,89,14,33),(40,89,15,1),(40,90,14,33),(40,90,15,1),(40,92,14,33),(40,92,15,1),(40,94,14,33),(40,94,15,1),(40,96,14,33),(40,96,15,1),(40,98,14,21),(40,98,15,2),(40,100,14,21),(40,100,15,2),(41,72,17,3),(41,72,20,3),(41,74,17,3),(41,74,20,3),(41,79,17,3),(41,79,20,3),(41,80,17,3),(41,80,20,3),(41,81,17,3),(41,81,20,3),(41,82,17,3),(41,82,20,3),(41,83,17,3),(41,83,20,3),(41,84,17,3),(41,84,20,3),(41,85,17,3),(41,85,20,3),(41,87,17,3),(41,87,20,3),(41,88,17,3),(41,88,20,3),(41,89,17,3),(41,89,20,3),(41,90,17,3),(41,90,20,3),(41,92,17,3),(41,92,20,3),(41,94,17,3),(41,94,20,3),(41,96,17,3),(41,96,20,3),(41,98,17,4),(41,98,20,45),(41,100,17,4),(41,100,20,45),(42,72,18,3),(42,72,19,3),(42,74,18,3),(42,74,19,3),(42,79,18,3),(42,79,19,3),(42,80,18,3),(42,80,19,3),(42,81,18,3),(42,81,19,3),(42,82,18,3),(42,82,19,3),(42,83,18,3),(42,83,19,3),(42,84,18,3),(42,84,19,3),(42,85,18,3),(42,85,19,3),(42,87,18,3),(42,87,19,3),(42,88,18,3),(42,88,19,3),(42,89,18,3),(42,89,19,3),(42,90,18,3),(42,90,19,3),(42,92,18,3),(42,92,19,3),(42,94,18,3),(42,94,19,3),(42,96,18,3),(42,96,19,3),(42,98,18,87),(42,98,19,8),(42,100,18,87),(42,100,19,8),(43,72,21,3),(43,72,24,3),(43,74,21,3),(43,74,24,3),(43,79,21,3),(43,79,24,3),(43,80,21,3),(43,80,24,3),(43,81,21,3),(43,81,24,3),(43,82,21,3),(43,82,24,3),(43,83,21,3),(43,83,24,3),(43,84,21,3),(43,84,24,3),(43,85,21,3),(43,85,24,3),(43,87,21,3),(43,87,24,3),(43,88,21,3),(43,88,24,3),(43,89,21,3),(43,89,24,3),(43,90,21,3),(43,90,24,3),(43,92,21,3),(43,92,24,3),(43,94,21,3),(43,94,24,3),(43,96,21,3),(43,96,24,3),(43,98,21,4),(43,98,24,5),(43,100,21,4),(43,100,24,5),(44,72,22,3),(44,72,23,3),(44,74,22,3),(44,74,23,3),(44,79,22,3),(44,79,23,3),(44,80,22,3),(44,80,23,3),(44,81,22,3),(44,81,23,3),(44,82,22,3),(44,82,23,3),(44,83,22,3),(44,83,23,3),(44,84,22,3),(44,84,23,3),(44,85,22,3),(44,85,23,3),(44,87,22,3),(44,87,23,3),(44,88,22,3),(44,88,23,3),(44,89,22,3),(44,89,23,3),(44,90,22,3),(44,90,23,3),(44,92,22,3),(44,92,23,3),(44,94,22,3),(44,94,23,3),(44,96,22,3),(44,96,23,3),(44,98,22,1),(44,98,23,23),(44,100,22,1),(44,100,23,23),(45,72,25,5),(45,72,28,5),(45,74,25,5),(45,74,28,5),(45,79,25,5),(45,79,28,5),(45,80,25,5),(45,80,28,5),(45,81,25,5),(45,81,28,5),(45,82,25,5),(45,82,28,5),(45,83,25,5),(45,83,28,5),(45,84,25,5),(45,84,28,5),(45,85,25,5),(45,85,28,5),(45,87,25,5),(45,87,28,5),(45,88,25,5),(45,88,28,5),(45,89,25,5),(45,89,28,5),(45,90,25,5),(45,90,28,5),(45,92,25,5),(45,92,28,5),(45,94,25,5),(45,94,28,5),(45,96,25,5),(45,96,28,5),(45,98,25,2),(45,98,28,21),(45,100,25,2),(45,100,28,21),(46,72,26,5),(46,72,27,5),(46,74,26,5),(46,74,27,5),(46,79,26,5),(46,79,27,5),(46,80,26,5),(46,80,27,5),(46,81,26,5),(46,81,27,5),(46,82,26,5),(46,82,27,5),(46,83,26,5),(46,83,27,5),(46,84,26,5),(46,84,27,5),(46,85,26,5),(46,85,27,5),(46,87,26,5),(46,87,27,5),(46,88,26,5),(46,88,27,5),(46,89,26,5),(46,89,27,5),(46,90,26,5),(46,90,27,5),(46,92,26,5),(46,92,27,5),(46,94,26,5),(46,94,27,5),(46,96,26,5),(46,96,27,5),(46,98,26,12),(46,98,27,12),(46,100,26,12),(46,100,27,12),(47,72,29,1),(47,72,32,1),(47,74,29,1),(47,74,32,1),(47,79,29,1),(47,79,32,1),(47,80,29,1),(47,80,32,1),(47,81,29,1),(47,81,32,1),(47,82,29,1),(47,82,32,1),(47,83,29,1),(47,83,32,1),(47,84,29,1),(47,84,32,1),(47,85,29,1),(47,85,32,1),(47,87,29,1),(47,87,32,1),(47,88,29,1),(47,88,32,1),(47,89,29,1),(47,89,32,1),(47,90,29,1),(47,90,32,1),(47,92,29,1),(47,92,32,1),(47,94,29,1),(47,94,32,1),(47,96,29,1),(47,96,32,1),(47,98,29,2),(47,98,32,1),(47,100,29,2),(47,100,32,1),(48,72,30,1),(48,72,31,1),(48,74,30,1),(48,74,31,1),(48,79,30,1),(48,79,31,1),(48,80,30,1),(48,80,31,1),(48,81,30,1),(48,81,31,1),(48,82,30,1),(48,82,31,1),(48,83,30,1),(48,83,31,1),(48,84,30,1),(48,84,31,1),(48,85,30,1),(48,85,31,1),(48,87,30,1),(48,87,31,1),(48,88,30,1),(48,88,31,1),(48,89,30,1),(48,89,31,1),(48,90,30,1),(48,90,31,1),(48,92,30,1),(48,92,31,1),(48,94,30,1),(48,94,31,1),(48,96,30,1),(48,96,31,1),(48,98,30,12),(48,98,31,12),(48,100,30,12),(48,100,31,12),(49,72,22,1),(49,72,25,1),(49,74,22,1),(49,74,25,1),(49,79,22,1),(49,79,25,1),(49,80,22,1),(49,80,25,1),(49,81,22,1),(49,81,25,1),(49,82,22,1),(49,82,25,1),(49,83,22,1),(49,83,25,1),(49,84,22,1),(49,84,25,1),(49,85,22,1),(49,85,25,1),(49,87,22,1),(49,87,25,1),(49,88,22,1),(49,88,25,1),(49,89,22,1),(49,89,25,1),(49,90,22,1),(49,90,25,1),(49,92,22,1),(49,92,25,1),(49,94,22,1),(49,94,25,1),(49,96,22,1),(49,96,25,1),(49,98,25,21),(49,98,30,1),(49,100,25,21),(49,100,30,1),(50,72,25,1),(50,72,30,1),(50,74,25,1),(50,74,30,1),(50,79,25,1),(50,79,30,1),(50,80,25,1),(50,80,30,1),(50,81,25,1),(50,81,30,1),(50,82,25,1),(50,82,30,1),(50,83,25,1),(50,83,30,1),(50,84,25,1),(50,84,30,1),(50,85,25,1),(50,85,30,1),(50,87,25,1),(50,87,30,1),(50,88,25,1),(50,88,30,1),(50,89,25,1),(50,89,30,1),(50,90,25,1),(50,90,30,1),(50,92,25,1),(50,92,30,1),(50,94,25,1),(50,94,30,1),(50,96,25,1),(50,96,30,1),(50,98,25,1),(50,98,30,1),(50,100,25,1),(50,100,30,1),(51,72,8,1),(51,72,25,1),(51,74,8,1),(51,74,25,1),(51,79,8,1),(51,79,25,1),(51,80,8,1),(51,80,25,1),(51,81,8,1),(51,81,25,1),(51,82,8,1),(51,82,25,1),(51,83,8,1),(51,83,25,1),(51,84,8,1),(51,84,25,1),(51,85,8,1),(51,85,25,1),(51,87,8,1),(51,87,25,1),(51,88,8,1),(51,88,25,1),(51,89,8,1),(51,89,25,1),(51,90,8,1),(51,90,25,1),(51,92,8,1),(51,92,25,1),(51,94,8,1),(51,94,25,1),(51,96,8,1),(51,96,25,1),(51,98,21,2),(51,98,25,1),(51,100,21,2),(51,100,25,1),(52,72,21,1),(52,72,25,1),(52,74,21,1),(52,74,25,1),(52,79,21,1),(52,79,25,1),(52,80,21,1),(52,80,25,1),(52,81,21,1),(52,81,25,1),(52,82,21,1),(52,82,25,1),(52,83,21,1),(52,83,25,1),(52,84,21,1),(52,84,25,1),(52,85,21,1),(52,85,25,1),(52,87,21,1),(52,87,25,1),(52,88,21,1),(52,88,25,1),(52,89,21,1),(52,89,25,1),(52,90,21,1),(52,90,25,1),(52,92,21,1),(52,92,25,1),(52,94,21,1),(52,94,25,1),(52,96,21,1),(52,96,25,1),(52,98,21,2),(52,98,25,2),(52,100,21,2),(52,100,25,2),(53,72,25,1),(53,72,30,1),(53,74,25,1),(53,74,30,1),(53,79,25,1),(53,79,30,1),(53,80,25,1),(53,80,30,1),(53,81,25,1),(53,81,30,1),(53,82,25,1),(53,82,30,1),(53,83,25,1),(53,83,30,1),(53,84,25,1),(53,84,30,1),(53,85,25,1),(53,85,30,1),(53,87,25,1),(53,87,30,1),(53,88,25,1),(53,88,30,1),(53,89,25,1),(53,89,30,1),(53,90,25,1),(53,90,30,1),(53,92,25,1),(53,92,30,1),(53,94,25,1),(53,94,30,1),(53,96,25,1),(53,96,30,1),(53,98,25,2),(53,98,29,12),(53,100,25,2),(53,100,29,12),(54,72,25,1),(54,72,30,1),(54,74,25,1),(54,74,30,1),(54,79,25,1),(54,79,30,1),(54,80,25,1),(54,80,30,1),(54,81,25,1),(54,81,30,1),(54,82,25,1),(54,82,30,1),(54,83,25,1),(54,83,30,1),(54,84,25,1),(54,84,30,1),(54,85,25,1),(54,85,30,1),(54,87,25,1),(54,87,30,1),(54,88,25,1),(54,88,30,1),(54,89,25,1),(54,89,30,1),(54,90,25,1),(54,90,30,1),(54,92,25,1),(54,92,30,1),(54,94,25,1),(54,94,30,1),(54,96,25,1),(54,96,30,1),(54,98,8,2),(54,98,25,12),(54,100,8,2),(54,100,25,12),(55,72,25,1),(55,72,28,1),(55,74,25,1),(55,74,28,1),(55,79,25,1),(55,79,28,1),(55,80,25,1),(55,80,28,1),(55,81,25,1),(55,81,28,1),(55,82,25,1),(55,82,28,1),(55,83,25,1),(55,83,28,1),(55,84,25,1),(55,84,28,1),(55,85,25,1),(55,85,28,1),(55,87,25,1),(55,87,28,1),(55,88,25,1),(55,88,28,1),(55,89,25,1),(55,89,28,1),(55,90,25,1),(55,90,28,1),(55,92,25,1),(55,92,28,1),(55,94,25,1),(55,94,28,1),(55,96,25,1),(55,96,28,1),(55,98,14,12),(55,98,25,12),(55,100,14,12),(55,100,25,12),(56,72,19,1),(56,72,25,1),(56,74,19,1),(56,74,25,1),(56,79,19,1),(56,79,25,1),(56,80,19,1),(56,80,25,1),(56,81,19,1),(56,81,25,1),(56,82,19,1),(56,82,25,1),(56,83,19,1),(56,83,25,1),(56,84,19,1),(56,84,25,1),(56,85,19,1),(56,85,25,1),(56,87,19,1),(56,87,25,1),(56,88,19,1),(56,88,25,1),(56,89,19,1),(56,89,25,1),(56,90,19,1),(56,90,25,1),(56,92,19,1),(56,92,25,1),(56,94,19,1),(56,94,25,1),(56,96,19,1),(56,96,25,1),(56,98,25,2),(56,98,27,12),(56,100,25,2),(56,100,27,12),(57,72,4,1),(57,72,25,11),(57,74,4,1),(57,74,25,11),(57,79,4,1),(57,79,25,11),(57,80,4,1),(57,80,25,11),(57,81,4,1),(57,81,25,11),(57,82,4,1),(57,82,25,11),(57,83,4,1),(57,83,25,11),(57,84,4,1),(57,84,25,11),(57,85,4,1),(57,85,25,11),(57,87,4,1),(57,87,25,11),(57,88,4,1),(57,88,25,11),(57,89,4,1),(57,89,25,11),(57,90,4,1),(57,90,25,11),(57,92,4,1),(57,92,25,11),(57,94,4,1),(57,94,25,11),(57,96,4,1),(57,96,25,11),(57,98,21,1),(57,98,22,21),(57,100,21,1),(57,100,22,21),(58,72,22,1),(58,72,25,1),(58,74,22,1),(58,74,25,1),(58,79,22,1),(58,79,25,1),(58,80,22,1),(58,80,25,1),(58,81,22,1),(58,81,25,1),(58,82,22,1),(58,82,25,1),(58,83,22,1),(58,83,25,1),(58,84,22,1),(58,84,25,1),(58,85,22,1),(58,85,25,1),(58,87,22,1),(58,87,25,1),(58,88,22,1),(58,88,25,1),(58,89,22,1),(58,89,25,1),(58,90,22,1),(58,90,25,1),(58,92,22,1),(58,92,25,1),(58,94,22,1),(58,94,25,1),(58,96,22,1),(58,96,25,1),(58,98,25,2),(58,98,32,12),(58,100,25,2),(58,100,32,12),(59,72,2,1),(59,72,25,1),(59,74,2,1),(59,74,25,1),(59,79,2,1),(59,79,25,1),(59,80,2,1),(59,80,25,1),(59,81,2,1),(59,81,25,1),(59,82,2,1),(59,82,25,1),(59,83,2,1),(59,83,25,1),(59,84,2,1),(59,84,25,1),(59,85,2,1),(59,85,25,1),(59,87,2,1),(59,87,25,1),(59,88,2,1),(59,88,25,1),(59,89,2,1),(59,89,25,1),(59,90,2,1),(59,90,25,1),(59,92,2,1),(59,92,25,1),(59,94,2,1),(59,94,25,1),(59,96,2,1),(59,96,25,1),(59,98,7,21),(59,98,30,21),(59,100,7,21),(59,100,30,21),(60,72,18,1),(60,72,25,1),(60,74,18,1),(60,74,25,1),(60,79,18,1),(60,79,25,1),(60,80,18,1),(60,80,25,1),(60,81,18,1),(60,81,25,1),(60,82,18,1),(60,82,25,1),(60,83,18,1),(60,83,25,1),(60,84,18,1),(60,84,25,1),(60,85,18,1),(60,85,25,1),(60,87,18,1),(60,87,25,1),(60,88,18,1),(60,88,25,1),(60,89,18,1),(60,89,25,1),(60,90,18,1),(60,90,25,1),(60,92,18,1),(60,92,25,1),(60,94,18,1),(60,94,25,1),(60,96,18,1),(60,96,25,1),(60,98,7,12),(60,98,25,12),(60,100,7,12),(60,100,25,12),(61,72,8,1),(61,72,30,1),(61,74,8,1),(61,74,30,1),(61,79,8,1),(61,79,30,1),(61,80,8,1),(61,80,30,1),(61,81,8,1),(61,81,30,1),(61,82,8,1),(61,82,30,1),(61,83,8,1),(61,83,30,1),(61,84,8,1),(61,84,30,1),(61,85,8,1),(61,85,30,1),(61,87,8,1),(61,87,30,1),(61,88,8,1),(61,88,30,1),(61,89,8,1),(61,89,30,1),(61,90,8,1),(61,90,30,1),(61,92,8,1),(61,92,30,1),(61,94,8,1),(61,94,30,1),(61,96,8,1),(61,96,30,1),(61,98,2,21),(61,98,25,21),(61,100,2,21),(61,100,25,21),(62,72,18,1),(62,72,25,1),(62,74,18,1),(62,74,25,1),(62,79,18,1),(62,79,25,1),(62,80,18,1),(62,80,25,1),(62,81,18,1),(62,81,25,1),(62,82,18,1),(62,82,25,1),(62,83,18,1),(62,83,25,1),(62,84,18,1),(62,84,25,1),(62,85,18,1),(62,85,25,1),(62,87,18,1),(62,87,25,1),(62,88,18,1),(62,88,25,1),(62,89,18,1),(62,89,25,1),(62,90,18,1),(62,90,25,1),(62,92,18,1),(62,92,25,1),(62,94,18,1),(62,94,25,1),(62,96,18,1),(62,96,25,1),(62,98,19,12),(62,98,21,12),(62,100,19,12),(62,100,21,12),(63,72,21,11),(63,72,25,11),(63,74,21,11),(63,74,25,11),(63,79,21,11),(63,79,25,11),(63,80,21,11),(63,80,25,11),(63,81,21,11),(63,81,25,11),(63,82,21,11),(63,82,25,11),(63,83,21,11),(63,83,25,11),(63,84,21,11),(63,84,25,11),(63,85,21,11),(63,85,25,11),(63,87,21,11),(63,87,25,11),(63,88,21,11),(63,88,25,11),(63,89,21,11),(63,89,25,11),(63,90,21,11),(63,90,25,11),(63,92,21,11),(63,92,25,11),(63,94,21,11),(63,94,25,11),(63,96,21,11),(63,96,25,11),(63,98,25,21),(63,98,30,12),(63,100,25,21),(63,100,30,12),(64,72,5,1),(64,72,25,1),(64,74,5,1),(64,74,25,1),(64,79,5,1),(64,79,25,1),(64,80,5,1),(64,80,25,1),(64,81,5,1),(64,81,25,1),(64,82,5,1),(64,82,25,1),(64,83,5,1),(64,83,25,1),(64,84,5,1),(64,84,25,1),(64,85,5,1),(64,85,25,1),(64,87,5,1),(64,87,25,1),(64,88,5,1),(64,88,25,1),(64,89,5,1),(64,89,25,1),(64,90,5,1),(64,90,25,1),(64,92,5,1),(64,92,25,1),(64,94,5,1),(64,94,25,1),(64,96,5,1),(64,96,25,1),(64,98,25,2),(64,98,29,12),(64,100,25,2),(64,100,29,12);

/*Table structure for table `usuario` */

DROP TABLE IF EXISTS `usuario`;

CREATE TABLE `usuario` (
  `id` smallint(5) NOT NULL AUTO_INCREMENT,
  `cedula` char(10) NOT NULL COMMENT 'unique',
  `nombre` varchar(32) NOT NULL,
  `apellido` varchar(32) NOT NULL,
  `email` varchar(90) NOT NULL COMMENT 'unique',
  `pass` varchar(32) NOT NULL,
  PRIMARY KEY (`id`),
  UNIQUE KEY `cedula` (`cedula`),
  UNIQUE KEY `email` (`email`)
) ENGINE=InnoDB AUTO_INCREMENT=13 DEFAULT CHARSET=utf8;

/*Data for the table `usuario` */

insert  into `usuario`(`id`,`cedula`,`nombre`,`apellido`,`email`,`pass`) values (12,'V18125352','Rafael','Torres','rafaelt88@gmail.com','b98f874b09e767fb839d5e8bd81ea91c');

/*Table structure for table `vs_database_diagrams` */

DROP TABLE IF EXISTS `vs_database_diagrams`;

CREATE TABLE `vs_database_diagrams` (
  `name` char(80) DEFAULT NULL,
  `diadata` text,
  `comment` varchar(1022) DEFAULT NULL,
  `preview` text,
  `lockinfo` char(80) DEFAULT NULL,
  `locktime` timestamp NOT NULL DEFAULT CURRENT_TIMESTAMP ON UPDATE CURRENT_TIMESTAMP,
  `version` char(80) DEFAULT NULL
) ENGINE=InnoDB DEFAULT CHARSET=utf8;

/*Data for the table `vs_database_diagrams` */

insert  into `vs_database_diagrams`(`name`,`diadata`,`comment`,`preview`,`lockinfo`,`locktime`,`version`) values ('test','PD94bWwgdmVyc2lvbj0iMS4wIiBlbmNvZGluZz0idXRmLTgiPz4KPHByb3BlcnRpZXM+Cgk8Q29udHJvbHM+CgkJPFRhYmxlPgoJCQk8UGFyZW50IHZhbHVlPSIjVE9QIi8+CgkJCTxQcm9wZXJ0aWVzPgoJCQkJPF5jaGVja3MgdmFsdWU9IjAiLz4KCQkJCTxeZ3JvdXAgdmFsdWU9Ii0xIi8+CgkJCQk8XmhlaWdodCB2YWx1ZT0iMTQwIi8+CgkJCQk8XmluZGV4ZXMgdmFsdWU9IjAiLz4KCQkJCTxebGV2ZWwgdmFsdWU9IjMiLz4KCQkJCTxebGlua3MgdmFsdWU9IjAiLz4KCQkJCTxebG9jayB2YWx1ZT0iMCIvPgoJCQkJPF5tZXRob2RzIHZhbHVlPSIwIi8+CgkJCQk8Xm1pbmltaXplZCB2YWx1ZT0iMSIvPgoJCQkJPF5wcm9wZXJ0aWVzIHZhbHVlPSIwIi8+CgkJCQk8XnRyaWdnZXJzIHZhbHVlPSIwIi8+CgkJCQk8XnVuaXF1ZXMgdmFsdWU9IjAiLz4KCQkJCTxiYWNrX2NvbG9yIHZhbHVlPSJCNEQ2NDcwMCIvPgoJCQkJPG5hbWUgdmFsdWU9IlRhYmxlIi8+CgkJCQk8cG9zaXRpb24gdmFsdWU9IjU0OzIxIi8+CgkJCQk8c2l6ZSB2YWx1ZT0iMTUyOzI2Ii8+CgkJCTwvUHJvcGVydGllcz4KCQkJPFR5cGUgdmFsdWU9IlRhYmxlIi8+CgkJPC9UYWJsZT4KCQk8VGFibGUxPgoJCQk8UGFyZW50IHZhbHVlPSIjVE9QIi8+CgkJCTxQcm9wZXJ0aWVzPgoJCQkJPF5jaGVja3MgdmFsdWU9IjAiLz4KCQkJCTxeZ3JvdXAgdmFsdWU9Ii0xIi8+CgkJCQk8XmhlaWdodCB2YWx1ZT0iLTEiLz4KCQkJCTxeaW5kZXhlcyB2YWx1ZT0iMCIvPgoJCQkJPF5sZXZlbCB2YWx1ZT0iMiIvPgoJCQkJPF5saW5rcyB2YWx1ZT0iMCIvPgoJCQkJPF5sb2NrIHZhbHVlPSIwIi8+CgkJCQk8Xm1ldGhvZHMgdmFsdWU9IjAiLz4KCQkJCTxebWluaW1pemVkIHZhbHVlPSIwIi8+CgkJCQk8XnByb3BlcnRpZXMgdmFsdWU9IjAiLz4KCQkJCTxedHJpZ2dlcnMgdmFsdWU9IjAiLz4KCQkJCTxedW5pcXVlcyB2YWx1ZT0iMCIvPgoJCQkJPGJhY2tfY29sb3IgdmFsdWU9IkI0RDY0NzAwIi8+CgkJCQk8bmFtZSB2YWx1ZT0iVGFibGUxIi8+CgkJCQk8cG9zaXRpb24gdmFsdWU9IjQzOzIxOCIvPgoJCQkJPHNpemUgdmFsdWU9IjE2MzsxNDAiLz4KCQkJPC9Qcm9wZXJ0aWVzPgoJCQk8VHlwZSB2YWx1ZT0iVGFibGUiLz4KCQk8L1RhYmxlMT4KCQk8VGFibGUyPgoJCQk8UGFyZW50IHZhbHVlPSIjVE9QIi8+CgkJCTxQcm9wZXJ0aWVzPgoJCQkJPF5jaGVja3MgdmFsdWU9IjAiLz4KCQkJCTxeZ3JvdXAgdmFsdWU9Ii0xIi8+CgkJCQk8XmhlaWdodCB2YWx1ZT0iLTEiLz4KCQkJCTxeaW5kZXhlcyB2YWx1ZT0iMCIvPgoJCQkJPF5sZXZlbCB2YWx1ZT0iMSIvPgoJCQkJPF5saW5rcyB2YWx1ZT0iMCIvPgoJCQkJPF5sb2NrIHZhbHVlPSIwIi8+CgkJCQk8Xm1ldGhvZHMgdmFsdWU9IjAiLz4KCQkJCTxebWluaW1pemVkIHZhbHVlPSIwIi8+CgkJCQk8XnByb3BlcnRpZXMgdmFsdWU9IjAiLz4KCQkJCTxedHJpZ2dlcnMgdmFsdWU9IjAiLz4KCQkJCTxedW5pcXVlcyB2YWx1ZT0iMCIvPgoJCQkJPGJhY2tfY29sb3IgdmFsdWU9IkI0RDY0NzAwIi8+CgkJCQk8bmFtZSB2YWx1ZT0iVGFibGUyIi8+CgkJCQk8cG9zaXRpb24gdmFsdWU9IjI5NDs2NiIvPgoJCQkJPHNpemUgdmFsdWU9IjE2NjszNiIvPgoJCQk8L1Byb3BlcnRpZXM+CgkJCTxUeXBlIHZhbHVlPSJUYWJsZSIvPgoJCTwvVGFibGUyPgoJCTx0ZXN0PgoJCQk8UHJvcGVydGllcz4KCQkJCTxebG9jayB2YWx1ZT0iMCIvPgoJCQkJPGJhY2tfY29sb3IgdmFsdWU9IkZGRkZGRiIvPgoJCQkJPGdhbW1hIHZhbHVlPSIwIi8+CgkJCQk8bmFtZSB2YWx1ZT0idGVzdCIvPgoJCQkJPHNpemUgdmFsdWU9IjIwNDg7MjA0OCIvPgoJCQkJPHN0eWxlIHZhbHVlPSI0Ii8+CgkJCQk8c3R5bGVfbGlua3MgdmFsdWU9IjAiLz4KCQkJCTx1bml0cyB2YWx1ZT0iNSIvPgoJCQk8L1Byb3BlcnRpZXM+CgkJCTxUeXBlIHZhbHVlPSJEaWFncmFtIi8+CgkJPC90ZXN0PgoJPC9Db250cm9scz4KCTxFZGl0b3JzPgoJCTxmaWZhPgoJCQk8ZTA+CgkJCQk8ZGF0YSB2YWx1ZT0nJmx0Oz94bWwgdmVyc2lvbj0iMS4wIiBlbmNvZGluZz0idXRmLTgiPyZndDsKJmx0O3Byb3BlcnRpZXMmZ3Q7CgkmbHQ7UGFnZSB2YWx1ZT0iMSIvJmd0OwoJJmx0O1NlbGVjdGlvbkZpZWxkIHZhbHVlPSIwIi8mZ3Q7CgkmbHQ7U2VsZWN0aW9uSW5kZXggdmFsdWU9Ii0xIi8mZ3Q7CgkmbHQ7U2VsZWN0aW9uVHJpZ2dlciB2YWx1ZT0iLTEiLyZndDsKCSZsdDtTZWxlY3Rpb25UcmlnZ2VyVGFiIHZhbHVlPSIwIi8mZ3Q7CiZsdDsvcHJvcGVydGllcyZndDsKCicvPgoJCQkJPG5hbWUgdmFsdWU9ImVuY3VlbnRybyIvPgoJCQkJPHR5cGUgdmFsdWU9IjI3Ii8+CgkJCTwvZTA+CgkJCTxlMT4KCQkJCTxkYXRhIHZhbHVlPScmbHQ7P3htbCB2ZXJzaW9uPSIxLjAiIGVuY29kaW5nPSJ1dGYtOCI/Jmd0OwombHQ7cHJvcGVydGllcyZndDsKCSZsdDtQYWdlIHZhbHVlPSIwIi8mZ3Q7CgkmbHQ7U2VsZWN0aW9uRmllbGQgdmFsdWU9Ii0xIi8mZ3Q7CgkmbHQ7U2VsZWN0aW9uSW5kZXggdmFsdWU9Ii0xIi8mZ3Q7CgkmbHQ7U2VsZWN0aW9uVHJpZ2dlciB2YWx1ZT0iLTEiLyZndDsKCSZsdDtTZWxlY3Rpb25UcmlnZ2VyVGFiIHZhbHVlPSIwIi8mZ3Q7CiZsdDsvcHJvcGVydGllcyZndDsKCicvPgoJCQkJPG5hbWUgdmFsdWU9Im5ld190YWJsZSIvPgoJCQkJPHR5cGUgdmFsdWU9IjI3Ii8+CgkJCTwvZTE+CgkJPC9maWZhPgoJPC9FZGl0b3JzPgoJPEdVST4KCQk8RnVsbFRvb2xiYXJMZWZ0IHZhbHVlPSIxIi8+CgkJPEZ1bGxUb29sYmFyUmlnaHQgdmFsdWU9IjEiLz4KCQk8UGFnZUVkaXRvciB2YWx1ZT0iMSIvPgoJCTxQYWdlRWRpdG9ySCB2YWx1ZT0iMjgwIi8+CgkJPFBhZ2VUb29sYmFyTGVmdCB2YWx1ZT0iMCIvPgoJCTxQYWdlVG9vbGJhclJCIHZhbHVlPSIwIi8+CgkJPFBhZ2VUb29sYmFyUmlnaHQgdmFsdWU9IjEiLz4KCQk8UGFuZUNsaXBib2FyZCB2YWx1ZT0iMCIvPgoJCTxQYW5lTGF5b3V0IHZhbHVlPSIwIi8+CgkJPFBhbmVWaWV3IHZhbHVlPSIwIi8+CgkJPFNjcm9sbFggdmFsdWU9IjAiLz4KCQk8U2Nyb2xsWSB2YWx1ZT0iMCIvPgoJCTxTZWxlY3Rpb24gdmFsdWU9ImRHVnpkQT09Ii8+CgkJPFNob3dBbGwgdmFsdWU9IjEiLz4KCQk8U2hvd0NoYW5nZXMgdmFsdWU9IjEiLz4KCQk8U2hvd0dMIHZhbHVlPSIxIi8+CgkJPFNob3dHcmlkIHZhbHVlPSIxIi8+CgkJPFVzZUdyaWQgdmFsdWU9IjAiLz4KCTwvR1VJPgoJPE1vZGVsPgoJCTxmaWZhPgoJCQk8bGluaz4KCQkJCTxvMD4KCQkJCQk8Q2hhbmdlcyB2YWx1ZT0iIi8+CgkJCQkJPFByb3BlcnRpZXM+CgkJCQkJCTxDYXJkaW5hbGl0eSB2YWx1ZT0iT05FIHRvIE1BTlkiLz4KCQkJCQkJPENoaWxkX1RhYmxlIHZhbHVlPSJlbmN1ZW50cm8iLz4KCQkJCQkJPEZvcmVpZ25fS2V5IHZhbHVlPSJhV1JmY0dGeWRHbGtidz09Ii8+CgkJCQkJCTxOYW1lIHZhbHVlPSJwYXJ0aWRvX2VuY3VlbnRybyIvPgoJCQkJCQk8T25fRGVsZXRlIHZhbHVlPSJSZXN0cmljdCIvPgoJCQkJCQk8T25fVXBkYXRlIHZhbHVlPSJSZXN0cmljdCIvPgoJCQkJCQk8UGFyZW50X1RhYmxlIHZhbHVlPSJwYXJ0aWRvIi8+CgkJCQkJCTxQcmltYXJ5X0tleSB2YWx1ZT0iYVdRPSIvPgoJCQkJCTwvUHJvcGVydGllcz4KCQkJCQk8Y29udHJvbCB2YWx1ZT0iIi8+CgkJCQkJPGRlbGV0ZSB2YWx1ZT0iMCIvPgoJCQkJCTxuYW1lIHZhbHVlPSJwYXJ0aWRvX2VuY3VlbnRybyIvPgoJCQkJPC9vMD4KCQkJPC9saW5rPgoJCQk8dGFibGU+CgkJCQk8bzA+CgkJCQkJPENoYW5nZXMgdmFsdWU9IiIvPgoJCQkJCTxQcm9wZXJ0aWVzPgoJCQkJCQk8QXV0b2luY3JlbWVudCB2YWx1ZT0iMCIvPgoJCQkJCQk8QXZlcmFnZV9Sb3dfU2l6ZSB2YWx1ZT0iMTI4Ii8+CgkJCQkJCTxDaGFyc2V0IHZhbHVlPSJ1dGY4Ii8+CgkJCQkJCTxDb2xsYXRpb24gdmFsdWU9InV0ZjhfZ2VuZXJhbF9jaSIvPgoJCQkJCQk8Q29tbWVudCB2YWx1ZT0iIi8+CgkJCQkJCTxDcmVhdGVfVGltZSB2YWx1ZT0iMjAxNC0wNS0wNSAxNTo1OTozMSIvPgoJCQkJCQk8RW5naW5lIHZhbHVlPSJJbm5vREIiLz4KCQkJCQkJPEZpZWxkX0NvdW50IHZhbHVlPSI0Ii8+CgkJCQkJCTxJbmRleF9Db3VudCB2YWx1ZT0iMiIvPgoJCQkJCQk8TGlua19Db3VudCB2YWx1ZT0iMiIvPgoJCQkJCQk8TmFtZSB2YWx1ZT0iZW5jdWVudHJvIi8+CgkJCQkJCTxQcmltYXJ5X0tleSB2YWx1ZT0iYVdSZmNHRnlkR2xrYnc9PSBhV1JmWlhGMWFYQnYiLz4KCQkJCQkJPFJlY29yZF9Db3VudCB2YWx1ZT0iMTI4Ii8+CgkJCQkJCTxTaXplIHZhbHVlPSIzMi4wMCBLYiIvPgoJCQkJCQk8VHJpZ2dlcl9Db3VudCB2YWx1ZT0iMCIvPgoJCQkJCQk8VW5pcXVlX0NvdW50IHZhbHVlPSIxIi8+CgkJCQkJCTxVcGRhdGVfVGltZSB2YWx1ZT0iIi8+CgkJCQkJPC9Qcm9wZXJ0aWVzPgoJCQkJCTxjb250cm9sIHZhbHVlPSJUYWJsZSIvPgoJCQkJCTxkZWxldGUgdmFsdWU9IjAiLz4KCQkJCQk8ZmllbGQ+CgkJCQkJCTxvMD4KCQkJCQkJCTxDaGFuZ2VzIHZhbHVlPSIiLz4KCQkJCQkJCTxQcm9wZXJ0aWVzPgoJCQkJCQkJCTxBdXRvaW5jcmVtZW50IHZhbHVlPSIwIi8+CgkJCQkJCQkJPENoYXJzZXQgdmFsdWU9IiIvPgoJCQkJCQkJCTxDb2xsYXRpb24gdmFsdWU9IiIvPgoJCQkJCQkJCTxDb21tZW50IHZhbHVlPSIiLz4KCQkJCQkJCQk8RGVmYXVsdF9WYWx1ZSB2YWx1ZT0iIi8+CgkJCQkJCQkJPEZpZWxkX1Bvc2l0aW9uIHZhbHVlPSIzIi8+CgkJCQkJCQkJPEluZGV4ZWQgdmFsdWU9IjAiLz4KCQkJCQkJCQk8TGVuZ3RoIHZhbHVlPSIyIi8+CgkJCQkJCQkJPE5hbWUgdmFsdWU9ImdvbGVzIi8+CgkJCQkJCQkJPE51bGxhYmxlIHZhbHVlPSIxIi8+CgkJCQkJCQkJPE9uX1VwZGF0ZV9TZXRfQ3VycmVudCB2YWx1ZT0iMCIvPgoJCQkJCQkJCTxQcmVjaXNpb24gdmFsdWU9IjMiLz4KCQkJCQkJCQk8U2NhbGUgdmFsdWU9IjAiLz4KCQkJCQkJCQk8VHlwZSB2YWx1ZT0iVGlueUludCIvPgoJCQkJCQkJCTxVbmlxdWUgdmFsdWU9IjAiLz4KCQkJCQkJCQk8VW5zaWduZWQgdmFsdWU9IjAiLz4KCQkJCQkJCQk8WmVyb2ZpbGwgdmFsdWU9IjAiLz4KCQkJCQkJCTwvUHJvcGVydGllcz4KCQkJCQkJCTxjb250cm9sIHZhbHVlPSIiLz4KCQkJCQkJCTxkZWxldGUgdmFsdWU9IjAiLz4KCQkJCQkJCTxuYW1lIHZhbHVlPSJnb2xlcyIvPgoJCQkJCQk8L28wPgoJCQkJCQk8bzE+CgkJCQkJCQk8Q2hhbmdlcyB2YWx1ZT0iIi8+CgkJCQkJCQk8UHJvcGVydGllcz4KCQkJCQkJCQk8QXV0b2luY3JlbWVudCB2YWx1ZT0iMCIvPgoJCQkJCQkJCTxDaGFyc2V0IHZhbHVlPSIiLz4KCQkJCQkJCQk8Q29sbGF0aW9uIHZhbHVlPSIiLz4KCQkJCQkJCQk8Q29tbWVudCB2YWx1ZT0iIi8+CgkJCQkJCQkJPERlZmF1bHRfVmFsdWUgdmFsdWU9IiIvPgoJCQkJCQkJCTxGaWVsZF9Qb3NpdGlvbiB2YWx1ZT0iMiIvPgoJCQkJCQkJCTxJbmRleGVkIHZhbHVlPSIxIi8+CgkJCQkJCQkJPExlbmd0aCB2YWx1ZT0iNSIvPgoJCQkJCQkJCTxOYW1lIHZhbHVlPSJpZF9lcXVpcG8iLz4KCQkJCQkJCQk8TnVsbGFibGUgdmFsdWU9IjAiLz4KCQkJCQkJCQk8T25fVXBkYXRlX1NldF9DdXJyZW50IHZhbHVlPSIwIi8+CgkJCQkJCQkJPFByZWNpc2lvbiB2YWx1ZT0iNSIvPgoJCQkJCQkJCTxTY2FsZSB2YWx1ZT0iMCIvPgoJCQkJCQkJCTxUeXBlIHZhbHVlPSJTbWFsbGludCIvPgoJCQkJCQkJCTxVbmlxdWUgdmFsdWU9IjAiLz4KCQkJCQkJCQk8VW5zaWduZWQgdmFsdWU9IjAiLz4KCQkJCQkJCQk8WmVyb2ZpbGwgdmFsdWU9IjAiLz4KCQkJCQkJCTwvUHJvcGVydGllcz4KCQkJCQkJCTxjb250cm9sIHZhbHVlPSIiLz4KCQkJCQkJCTxkZWxldGUgdmFsdWU9IjAiLz4KCQkJCQkJCTxuYW1lIHZhbHVlPSJpZF9lcXVpcG8iLz4KCQkJCQkJPC9vMT4KCQkJCQkJPG8yPgoJCQkJCQkJPENoYW5nZXMgdmFsdWU9IiIvPgoJCQkJCQkJPFByb3BlcnRpZXM+CgkJCQkJCQkJPEF1dG9pbmNyZW1lbnQgdmFsdWU9IjAiLz4KCQkJCQkJCQk8Q2hhcnNldCB2YWx1ZT0iIi8+CgkJCQkJCQkJPENvbGxhdGlvbiB2YWx1ZT0iIi8+CgkJCQkJCQkJPENvbW1lbnQgdmFsdWU9IiIvPgoJCQkJCQkJCTxEZWZhdWx0X1ZhbHVlIHZhbHVlPSIiLz4KCQkJCQkJCQk8RmllbGRfUG9zaXRpb24gdmFsdWU9IjEiLz4KCQkJCQkJCQk8SW5kZXhlZCB2YWx1ZT0iMCIvPgoJCQkJCQkJCTxMZW5ndGggdmFsdWU9IjUiLz4KCQkJCQkJCQk8TmFtZSB2YWx1ZT0iaWRfcGFydGlkbyIvPgoJCQkJCQkJCTxOdWxsYWJsZSB2YWx1ZT0iMCIvPgoJCQkJCQkJCTxPbl9VcGRhdGVfU2V0X0N1cnJlbnQgdmFsdWU9IjAiLz4KCQkJCQkJCQk8UHJlY2lzaW9uIHZhbHVlPSI1Ii8+CgkJCQkJCQkJPFNjYWxlIHZhbHVlPSIwIi8+CgkJCQkJCQkJPFR5cGUgdmFsdWU9IlNtYWxsaW50Ii8+CgkJCQkJCQkJPFVuaXF1ZSB2YWx1ZT0iMCIvPgoJCQkJCQkJCTxVbnNpZ25lZCB2YWx1ZT0iMCIvPgoJCQkJCQkJCTxaZXJvZmlsbCB2YWx1ZT0iMCIvPgoJCQkJCQkJPC9Qcm9wZXJ0aWVzPgoJCQkJCQkJPGNvbnRyb2wgdmFsdWU9IiIvPgoJCQkJCQkJPGRlbGV0ZSB2YWx1ZT0iMCIvPgoJCQkJCQkJPG5hbWUgdmFsdWU9ImlkX3BhcnRpZG8iLz4KCQkJCQkJPC9vMj4KCQkJCQkJPG8zPgoJCQkJCQkJPENoYW5nZXMgdmFsdWU9IiIvPgoJCQkJCQkJPFByb3BlcnRpZXM+CgkJCQkJCQkJPEF1dG9pbmNyZW1lbnQgdmFsdWU9IjAiLz4KCQkJCQkJCQk8Q2hhcnNldCB2YWx1ZT0iIi8+CgkJCQkJCQkJPENvbGxhdGlvbiB2YWx1ZT0iIi8+CgkJCQkJCQkJPENvbW1lbnQgdmFsdWU9J3siZXMiOlsiTG9jYWwiLCJWaXNpdGFudGUiXX0nLz4KCQkJCQkJCQk8RGVmYXVsdF9WYWx1ZSB2YWx1ZT0iIi8+CgkJCQkJCQkJPEZpZWxkX1Bvc2l0aW9uIHZhbHVlPSI0Ii8+CgkJCQkJCQkJPEluZGV4ZWQgdmFsdWU9IjAiLz4KCQkJCQkJCQk8TGVuZ3RoIHZhbHVlPSIxIi8+CgkJCQkJCQkJPE5hbWUgdmFsdWU9InRpcG8iLz4KCQkJCQkJCQk8TnVsbGFibGUgdmFsdWU9IjAiLz4KCQkJCQkJCQk8T25fVXBkYXRlX1NldF9DdXJyZW50IHZhbHVlPSIwIi8+CgkJCQkJCQkJPFByZWNpc2lvbiB2YWx1ZT0iMyIvPgoJCQkJCQkJCTxTY2FsZSB2YWx1ZT0iMCIvPgoJCQkJCQkJCTxUeXBlIHZhbHVlPSJUaW55SW50Ii8+CgkJCQkJCQkJPFVuaXF1ZSB2YWx1ZT0iMCIvPgoJCQkJCQkJCTxVbnNpZ25lZCB2YWx1ZT0iMCIvPgoJCQkJCQkJCTxaZXJvZmlsbCB2YWx1ZT0iMCIvPgoJCQkJCQkJPC9Qcm9wZXJ0aWVzPgoJCQkJCQkJPGNvbnRyb2wgdmFsdWU9IiIvPgoJCQkJCQkJPGRlbGV0ZSB2YWx1ZT0iMCIvPgoJCQkJCQkJPG5hbWUgdmFsdWU9InRpcG8iLz4KCQkJCQkJPC9vMz4KCQkJCQk8L2ZpZWxkPgoJCQkJCTxpbmRleD4KCQkJCQkJPG8wPgoJCQkJCQkJPENoYW5nZXMgdmFsdWU9IiIvPgoJCQkJCQkJPFByb3BlcnRpZXM+CgkJCQkJCQkJPENvbW1lbnQgdmFsdWU9IiIvPgoJCQkJCQkJCTxGaWVsZHMgdmFsdWU9ImFXUmZaWEYxYVhCdiIvPgoJCQkJCQkJCTxOYW1lIHZhbHVlPSJlcXVpcG9fZW5jdWVudHJvIi8+CgkJCQkJCQkJPFR5cGUgdmFsdWU9IkJUUkVFIi8+CgkJCQkJCQkJPFVuaXF1ZSB2YWx1ZT0iMCIvPgoJCQkJCQkJPC9Qcm9wZXJ0aWVzPgoJCQkJCQkJPGNvbnRyb2wgdmFsdWU9IiIvPgoJCQkJCQkJPGRlbGV0ZSB2YWx1ZT0iMCIvPgoJCQkJCQkJPG5hbWUgdmFsdWU9ImVxdWlwb19lbmN1ZW50cm8iLz4KCQkJCQkJPC9vMD4KCQkJCQkJPG8xPgoJCQkJCQkJPENoYW5nZXMgdmFsdWU9IiIvPgoJCQkJCQkJPFByb3BlcnRpZXM+CgkJCQkJCQkJPENvbW1lbnQgdmFsdWU9IiIvPgoJCQkJCQkJCTxGaWVsZHMgdmFsdWU9ImFXUmZjR0Z5ZEdsa2J3PT0gYVdSZlpYRjFhWEJ2Ii8+CgkJCQkJCQkJPE5hbWUgdmFsdWU9IlBSSU1BUlkiLz4KCQkJCQkJCQk8VHlwZSB2YWx1ZT0iQlRSRUUiLz4KCQkJCQkJCQk8VW5pcXVlIHZhbHVlPSIxIi8+CgkJCQkJCQk8L1Byb3BlcnRpZXM+CgkJCQkJCQk8Y29udHJvbCB2YWx1ZT0iIi8+CgkJCQkJCQk8ZGVsZXRlIHZhbHVlPSIwIi8+CgkJCQkJCQk8bmFtZSB2YWx1ZT0iUFJJTUFSWSIvPgoJCQkJCQk8L28xPgoJCQkJCTwvaW5kZXg+CgkJCQkJPG5hbWUgdmFsdWU9ImVuY3VlbnRybyIvPgoJCQkJCTx1bmlxdWU+CgkJCQkJCTxvMD4KCQkJCQkJCTxDaGFuZ2VzIHZhbHVlPSIiLz4KCQkJCQkJCTxQcm9wZXJ0aWVzPgoJCQkJCQkJCTxGaWVsZHMgdmFsdWU9ImFXUmZjR0Z5ZEdsa2J3PT0gYVdSZlpYRjFhWEJ2Ii8+CgkJCQkJCQkJPE5hbWUgdmFsdWU9IlBSSU1BUlkiLz4KCQkJCQkJCTwvUHJvcGVydGllcz4KCQkJCQkJCTxjb250cm9sIHZhbHVlPSIiLz4KCQkJCQkJCTxkZWxldGUgdmFsdWU9IjAiLz4KCQkJCQkJCTxuYW1lIHZhbHVlPSJQUklNQVJZIi8+CgkJCQkJCTwvbzA+CgkJCQkJPC91bmlxdWU+CgkJCQk8L28wPgoJCQkJPG8xPgoJCQkJCTxDaGFuZ2VzIHZhbHVlPSIiLz4KCQkJCQk8UHJvcGVydGllcz4KCQkJCQkJPEF1dG9pbmNyZW1lbnQgdmFsdWU9IjY1Ii8+CgkJCQkJCTxBdmVyYWdlX1Jvd19TaXplIHZhbHVlPSIyNTYiLz4KCQkJCQkJPENoYXJzZXQgdmFsdWU9InV0ZjgiLz4KCQkJCQkJPENvbGxhdGlvbiB2YWx1ZT0idXRmOF9nZW5lcmFsX2NpIi8+CgkJCQkJCTxDb21tZW50IHZhbHVlPSIiLz4KCQkJCQkJPENyZWF0ZV9UaW1lIHZhbHVlPSIyMDE0LTA1LTA1IDEyOjMxOjE0Ii8+CgkJCQkJCTxFbmdpbmUgdmFsdWU9Iklubm9EQiIvPgoJCQkJCQk8RmllbGRfQ291bnQgdmFsdWU9IjQiLz4KCQkJCQkJPEluZGV4X0NvdW50IHZhbHVlPSIyIi8+CgkJCQkJCTxMaW5rX0NvdW50IHZhbHVlPSI0Ii8+CgkJCQkJCTxOYW1lIHZhbHVlPSJwYXJ0aWRvIi8+CgkJCQkJCTxQcmltYXJ5X0tleSB2YWx1ZT0iYVdRPSIvPgoJCQkJCQk8UmVjb3JkX0NvdW50IHZhbHVlPSI2NCIvPgoJCQkJCQk8U2l6ZSB2YWx1ZT0iMzIuMDAgS2IiLz4KCQkJCQkJPFRyaWdnZXJfQ291bnQgdmFsdWU9IjAiLz4KCQkJCQkJPFVuaXF1ZV9Db3VudCB2YWx1ZT0iMSIvPgoJCQkJCQk8VXBkYXRlX1RpbWUgdmFsdWU9IiIvPgoJCQkJCTwvUHJvcGVydGllcz4KCQkJCQk8Y29udHJvbCB2YWx1ZT0iVGFibGUxIi8+CgkJCQkJPGRlbGV0ZSB2YWx1ZT0iMCIvPgoJCQkJCTxmaWVsZD4KCQkJCQkJPG8wPgoJCQkJCQkJPENoYW5nZXMgdmFsdWU9IiIvPgoJCQkJCQkJPFByb3BlcnRpZXM+CgkJCQkJCQkJPEF1dG9pbmNyZW1lbnQgdmFsdWU9IjAiLz4KCQkJCQkJCQk8Q2hhcnNldCB2YWx1ZT0idXRmOCIvPgoJCQkJCQkJCTxDb2xsYXRpb24gdmFsdWU9InV0ZjhfZ2VuZXJhbF9jaSIvPgoJCQkJCQkJCTxDb21tZW50IHZhbHVlPSd7ImVzIjp7IjAiOiJHcnVwb3MiLCIxIjoiT2N0YXZvcyIsIjIiOiJDdWFydG9zIiwiMyI6IlNlbWktRmluYWwiLCI0IjoiRmluYWwgVGVyY2VyIEx1Z2FyIiwiNSI6IkZpbmFsIn0nLz4KCQkJCQkJCQk8RGVmYXVsdF9WYWx1ZSB2YWx1ZT0iIi8+CgkJCQkJCQkJPEZpZWxkX1Bvc2l0aW9uIHZhbHVlPSIzIi8+CgkJCQkJCQkJPEluZGV4ZWQgdmFsdWU9IjAiLz4KCQkJCQkJCQk8TGVuZ3RoIHZhbHVlPSIxIi8+CgkJCQkJCQkJPE5hbWUgdmFsdWU9ImZhc2UiLz4KCQkJCQkJCQk8TnVsbGFibGUgdmFsdWU9IjAiLz4KCQkJCQkJCQk8T25fVXBkYXRlX1NldF9DdXJyZW50IHZhbHVlPSIwIi8+CgkJCQkJCQkJPFByZWNpc2lvbiB2YWx1ZT0iMCIvPgoJCQkJCQkJCTxTY2FsZSB2YWx1ZT0iMCIvPgoJCQkJCQkJCTxUeXBlIHZhbHVlPSJDaGFyIi8+CgkJCQkJCQkJPFVuaXF1ZSB2YWx1ZT0iMCIvPgoJCQkJCQkJCTxVbnNpZ25lZCB2YWx1ZT0iMCIvPgoJCQkJCQkJCTxaZXJvZmlsbCB2YWx1ZT0iMCIvPgoJCQkJCQkJPC9Qcm9wZXJ0aWVzPgoJCQkJCQkJPGNvbnRyb2wgdmFsdWU9IiIvPgoJCQkJCQkJPGRlbGV0ZSB2YWx1ZT0iMCIvPgoJCQkJCQkJPG5hbWUgdmFsdWU9ImZhc2UiLz4KCQkJCQkJPC9vMD4KCQkJCQkJPG8xPgoJCQkJCQkJPENoYW5nZXMgdmFsdWU9IiIvPgoJCQkJCQkJPFByb3BlcnRpZXM+CgkJCQkJCQkJPEF1dG9pbmNyZW1lbnQgdmFsdWU9IjAiLz4KCQkJCQkJCQk8Q2hhcnNldCB2YWx1ZT0iIi8+CgkJCQkJCQkJPENvbGxhdGlvbiB2YWx1ZT0iIi8+CgkJCQkJCQkJPENvbW1lbnQgdmFsdWU9IiIvPgoJCQkJCQkJCTxEZWZhdWx0X1ZhbHVlIHZhbHVlPSIiLz4KCQkJCQkJCQk8RmllbGRfUG9zaXRpb24gdmFsdWU9IjIiLz4KCQkJCQkJCQk8SW5kZXhlZCB2YWx1ZT0iMCIvPgoJCQkJCQkJCTxMZW5ndGggdmFsdWU9Ii0xIi8+CgkJCQkJCQkJPE5hbWUgdmFsdWU9ImZlY2hhIi8+CgkJCQkJCQkJPE51bGxhYmxlIHZhbHVlPSIwIi8+CgkJCQkJCQkJPE9uX1VwZGF0ZV9TZXRfQ3VycmVudCB2YWx1ZT0iMCIvPgoJCQkJCQkJCTxQcmVjaXNpb24gdmFsdWU9IjAiLz4KCQkJCQkJCQk8U2NhbGUgdmFsdWU9IjAiLz4KCQkJCQkJCQk8VHlwZSB2YWx1ZT0iRGF0ZSIvPgoJCQkJCQkJCTxVbmlxdWUgdmFsdWU9IjAiLz4KCQkJCQkJCQk8VW5zaWduZWQgdmFsdWU9IjAiLz4KCQkJCQkJCQk8WmVyb2ZpbGwgdmFsdWU9IjAiLz4KCQkJCQkJCTwvUHJvcGVydGllcz4KCQkJCQkJCTxjb250cm9sIHZhbHVlPSIiLz4KCQkJCQkJCTxkZWxldGUgdmFsdWU9IjAiLz4KCQkJCQkJCTxuYW1lIHZhbHVlPSJmZWNoYSIvPgoJCQkJCQk8L28xPgoJCQkJCQk8bzI+CgkJCQkJCQk8Q2hhbmdlcyB2YWx1ZT0iIi8+CgkJCQkJCQk8UHJvcGVydGllcz4KCQkJCQkJCQk8QXV0b2luY3JlbWVudCB2YWx1ZT0iMSIvPgoJCQkJCQkJCTxDaGFyc2V0IHZhbHVlPSIiLz4KCQkJCQkJCQk8Q29sbGF0aW9uIHZhbHVlPSIiLz4KCQkJCQkJCQk8Q29tbWVudCB2YWx1ZT0iIi8+CgkJCQkJCQkJPERlZmF1bHRfVmFsdWUgdmFsdWU9IiIvPgoJCQkJCQkJCTxGaWVsZF9Qb3NpdGlvbiB2YWx1ZT0iMSIvPgoJCQkJCQkJCTxJbmRleGVkIHZhbHVlPSIxIi8+CgkJCQkJCQkJPExlbmd0aCB2YWx1ZT0iNSIvPgoJCQkJCQkJCTxOYW1lIHZhbHVlPSJpZCIvPgoJCQkJCQkJCTxOdWxsYWJsZSB2YWx1ZT0iMCIvPgoJCQkJCQkJCTxPbl9VcGRhdGVfU2V0X0N1cnJlbnQgdmFsdWU9IjAiLz4KCQkJCQkJCQk8UHJlY2lzaW9uIHZhbHVlPSI1Ii8+CgkJCQkJCQkJPFNjYWxlIHZhbHVlPSIwIi8+CgkJCQkJCQkJPFR5cGUgdmFsdWU9IlNtYWxsaW50Ii8+CgkJCQkJCQkJPFVuaXF1ZSB2YWx1ZT0iMSIvPgoJCQkJCQkJCTxVbnNpZ25lZCB2YWx1ZT0iMCIvPgoJCQkJCQkJCTxaZXJvZmlsbCB2YWx1ZT0iMCIvPgoJCQkJCQkJPC9Qcm9wZXJ0aWVzPgoJCQkJCQkJPGNvbnRyb2wgdmFsdWU9IiIvPgoJCQkJCQkJPGRlbGV0ZSB2YWx1ZT0iMCIvPgoJCQkJCQkJPG5hbWUgdmFsdWU9ImlkIi8+CgkJCQkJCTwvbzI+CgkJCQkJCTxvMz4KCQkJCQkJCTxDaGFuZ2VzIHZhbHVlPSIiLz4KCQkJCQkJCTxQcm9wZXJ0aWVzPgoJCQkJCQkJCTxBdXRvaW5jcmVtZW50IHZhbHVlPSIwIi8+CgkJCQkJCQkJPENoYXJzZXQgdmFsdWU9IiIvPgoJCQkJCQkJCTxDb2xsYXRpb24gdmFsdWU9IiIvPgoJCQkJCQkJCTxDb21tZW50IHZhbHVlPSIiLz4KCQkJCQkJCQk8RGVmYXVsdF9WYWx1ZSB2YWx1ZT0iIi8+CgkJCQkJCQkJPEZpZWxkX1Bvc2l0aW9uIHZhbHVlPSI0Ii8+CgkJCQkJCQkJPEluZGV4ZWQgdmFsdWU9IjEiLz4KCQkJCQkJCQk8TGVuZ3RoIHZhbHVlPSI1Ii8+CgkJCQkJCQkJPE5hbWUgdmFsdWU9ImlkX2VxdWlwbyIvPgoJCQkJCQkJCTxOdWxsYWJsZSB2YWx1ZT0iMSIvPgoJCQkJCQkJCTxPbl9VcGRhdGVfU2V0X0N1cnJlbnQgdmFsdWU9IjAiLz4KCQkJCQkJCQk8UHJlY2lzaW9uIHZhbHVlPSI1Ii8+CgkJCQkJCQkJPFNjYWxlIHZhbHVlPSIwIi8+CgkJCQkJCQkJPFR5cGUgdmFsdWU9IlNtYWxsaW50Ii8+CgkJCQkJCQkJPFVuaXF1ZSB2YWx1ZT0iMCIvPgoJCQkJCQkJCTxVbnNpZ25lZCB2YWx1ZT0iMCIvPgoJCQkJCQkJCTxaZXJvZmlsbCB2YWx1ZT0iMCIvPgoJCQkJCQkJPC9Qcm9wZXJ0aWVzPgoJCQkJCQkJPGNvbnRyb2wgdmFsdWU9IiIvPgoJCQkJCQkJPGRlbGV0ZSB2YWx1ZT0iMCIvPgoJCQkJCQkJPG5hbWUgdmFsdWU9ImlkX2VxdWlwbyIvPgoJCQkJCQk8L28zPgoJCQkJCTwvZmllbGQ+CgkJCQkJPGluZGV4PgoJCQkJCQk8bzA+CgkJCQkJCQk8Q2hhbmdlcyB2YWx1ZT0iIi8+CgkJCQkJCQk8UHJvcGVydGllcz4KCQkJCQkJCQk8Q29tbWVudCB2YWx1ZT0iIi8+CgkJCQkJCQkJPEZpZWxkcyB2YWx1ZT0iYVdSZlpYRjFhWEJ2Ii8+CgkJCQkJCQkJPE5hbWUgdmFsdWU9ImVxdWlwb19wYXJ0aWRvIi8+CgkJCQkJCQkJPFR5cGUgdmFsdWU9IkJUUkVFIi8+CgkJCQkJCQkJPFVuaXF1ZSB2YWx1ZT0iMCIvPgoJCQkJCQkJPC9Qcm9wZXJ0aWVzPgoJCQkJCQkJPGNvbnRyb2wgdmFsdWU9IiIvPgoJCQkJCQkJPGRlbGV0ZSB2YWx1ZT0iMCIvPgoJCQkJCQkJPG5hbWUgdmFsdWU9ImVxdWlwb19wYXJ0aWRvIi8+CgkJCQkJCTwvbzA+CgkJCQkJCTxvMT4KCQkJCQkJCTxDaGFuZ2VzIHZhbHVlPSIiLz4KCQkJCQkJCTxQcm9wZXJ0aWVzPgoJCQkJCQkJCTxDb21tZW50IHZhbHVlPSIiLz4KCQkJCQkJCQk8RmllbGRzIHZhbHVlPSJhV1E9Ii8+CgkJCQkJCQkJPE5hbWUgdmFsdWU9IlBSSU1BUlkiLz4KCQkJCQkJCQk8VHlwZSB2YWx1ZT0iQlRSRUUiLz4KCQkJCQkJCQk8VW5pcXVlIHZhbHVlPSIxIi8+CgkJCQkJCQk8L1Byb3BlcnRpZXM+CgkJCQkJCQk8Y29udHJvbCB2YWx1ZT0iIi8+CgkJCQkJCQk8ZGVsZXRlIHZhbHVlPSIwIi8+CgkJCQkJCQk8bmFtZSB2YWx1ZT0iUFJJTUFSWSIvPgoJCQkJCQk8L28xPgoJCQkJCTwvaW5kZXg+CgkJCQkJPG5hbWUgdmFsdWU9InBhcnRpZG8iLz4KCQkJCQk8dW5pcXVlPgoJCQkJCQk8bzA+CgkJCQkJCQk8Q2hhbmdlcyB2YWx1ZT0iIi8+CgkJCQkJCQk8UHJvcGVydGllcz4KCQkJCQkJCQk8RmllbGRzIHZhbHVlPSJhV1E9Ii8+CgkJCQkJCQkJPE5hbWUgdmFsdWU9IlBSSU1BUlkiLz4KCQkJCQkJCTwvUHJvcGVydGllcz4KCQkJCQkJCTxjb250cm9sIHZhbHVlPSIiLz4KCQkJCQkJCTxkZWxldGUgdmFsdWU9IjAiLz4KCQkJCQkJCTxuYW1lIHZhbHVlPSJQUklNQVJZIi8+CgkJCQkJCTwvbzA+CgkJCQkJPC91bmlxdWU+CgkJCQk8L28xPgoJCQkJPG8yPgoJCQkJCTxDaGFuZ2VzIHZhbHVlPSIiLz4KCQkJCQk8UHJvcGVydGllcz4KCQkJCQkJPEF1dG9pbmNyZW1lbnQgdmFsdWU9IjAiLz4KCQkJCQkJPEF2ZXJhZ2VfUm93X1NpemUgdmFsdWU9IjAiLz4KCQkJCQkJPENoYXJzZXQgdmFsdWU9IiIvPgoJCQkJCQk8Q29sbGF0aW9uIHZhbHVlPSIiLz4KCQkJCQkJPENvbW1lbnQgdmFsdWU9IiIvPgoJCQkJCQk8Q3JlYXRlX1RpbWUgdmFsdWU9IiIvPgoJCQkJCQk8RW5naW5lIHZhbHVlPSIiLz4KCQkJCQkJPEZpZWxkX0NvdW50IHZhbHVlPSIwIi8+CgkJCQkJCTxJbmRleF9Db3VudCB2YWx1ZT0iMCIvPgoJCQkJCQk8TGlua19Db3VudCB2YWx1ZT0iMCIvPgoJCQkJCQk8TmFtZSB2YWx1ZT0ibmV3X3RhYmxlIi8+CgkJCQkJCTxQcmltYXJ5X0tleSB2YWx1ZT0iIi8+CgkJCQkJCTxSZWNvcmRfQ291bnQgdmFsdWU9IjAiLz4KCQkJCQkJPFNpemUgdmFsdWU9IjAiLz4KCQkJCQkJPFRyaWdnZXJfQ291bnQgdmFsdWU9IjAiLz4KCQkJCQkJPFVuaXF1ZV9Db3VudCB2YWx1ZT0iMCIvPgoJCQkJCQk8VXBkYXRlX1RpbWUgdmFsdWU9IiIvPgoJCQkJCTwvUHJvcGVydGllcz4KCQkJCQk8Y29udHJvbCB2YWx1ZT0iVGFibGUyIi8+CgkJCQkJPGRlbGV0ZSB2YWx1ZT0iMCIvPgoJCQkJCTxuYW1lIHZhbHVlPSJuZXdfdGFibGUiLz4KCQkJCTwvbzI+CgkJCTwvdGFibGU+CgkJPC9maWZhPgoJPC9Nb2RlbD4KPC9wcm9wZXJ0aWVzPgoK',NULL,'iVBORw0KGgoAAAANSUhEUgAAAJAAAABwCAIAAAB+YG5tAAAABmJLR0QA/wD/AP+gvaeTAAAQC0lEQVR4nO2deVhTV97Hf/dmudlJSAJhCwFZDIogIy4t1q2jaNVxtI7aGfuO9UU72nnQOjOt7zjt1GJHx6dvnXa0tnbRqq221VZBpGoVFRSLGxYq+yZLICEJ2Zeb3PePpAhOIWoT4b7cz8PzcM/vnpzzy/PNOfd3z7nnXIQgCKAgD/T7yZT9l8V7388bCtJOz0w9eugSiqCD7ciggfiU4e852ZnLMbsVd/+YEUGAxb4vpQPBri2l+947iyDIYDkwuPj+qZYUVQFAybcqHmScP97Kg4yik22Bd+wuhBs62409yerqRofD8SgdGFIM1FDq6urWrVvX1dXlSeK4E0EQHHf2ZLB0GVU6QsJH9Ho8IlHUVKUTSzEGl2W0uB06k5OGIXYbASAg1DcgRIkiCBuzm63BUUFCzoP1aedOVmMs+vwlySht+HaGHlAAkMlkP3kuLy9v6tSpXC7Xk8RxnCAIHMd7MmQtO/vx9u+/O3CD3tVRsP+WhSvhtehqWvB9+d1/+/P1j9+4/uqabzsPn+FIeWGJwn+tvkhX22qdkj+svvSgXtJo6PTZiZRaMHCXmJ2dvWHDBjabDQA47jRbjA6nw2wx4ri3R9r80gSMxQyOlGFBQYkzxn29veQqGpL7dll0CDY3WYyxmEljogXRCowb8XX29bhx8tAU8Xd7Stb8adoDuYig8PR/jRWIWN4kDNOrlweEIAiZTKZSqfrLcSx/nyiujIkNWpRxD/vfrv3fNz7DMGywHRkcfAsGAF98teeLz04NgageEpMisp5bHxUVhaLDtHu8L8Eohg7D9HdKXijBSAYlGMmgBCMZlGAkgxKMZAyV2+Ehwu5PXo5SGuur1ekZimuXm0PD+RFy4dXipvQMRUONxthtHzMuorSoMWF0KABUl3ekZyhuXW3lB2Ex8ZLSosZxj0e3Nus72oy/mCQvLWqMSZBwuMyKG23pGYrbt1Q0OpqQFFJa1JiSHqnrsjTXa9MzFKVFjZExIkkI7+aVO+kZitpKtd2Gj0oNKy1qTEoJs9vxukp1eobive2X3t9xlkFnUvdhfThV9keBkH3pVBsAcGnWlHCdKzKOxhcOtl8AAIiLOz7mFapL7INAyAYAOiKkI0KzmZacnAA0byd0IKfh/svRldd0A4DRdPC80Wfm/qiu6Cg4WlFwtMLYbQOAFQt3A9Ul/iQuz4wEnb/rS23G/CgA0JbVNLS7mgzG9/5+PXHaqIjWqtwKLAZ3CsPsaTEs5fKJDIDqg6fezMVHInCHzdy4KvK1Zflbdk7u0kL2svzHnpu45JfBD+pGwqjQG1da6HSUH8QCALGUC9TQ1D2UNP0FAC7mdvVYJs8Tew4IN4LoDW+fh8biarMR25SdUX38pDo0rPik9p3P0wAAQFviEH7462PzRrknLRyFJMn3HNChTnuEPGlKChoVa3kIf7QaC4+PMTGaJzlBvo0SrA8ewQ7tudFjWZo19u5pnNZtBtzC5jJohm6mJMzsQG0WIzNYavOc76yTsgBcGCEItna1c6TRWoMZwTUiYFvF4aaf6dtT6Ts1HSZKsD54BBuyTJBvo65hfZgY/c/BdqFf3v105QQ5dQ3ri0bTSaOjXD6m01hEYo7N6rRanCIJR6excHhMBoPWrbOKJBxP2MYPYuk0liAR2+l0WUwOTzY2h8FiM3RdFpGEYzbaXbhbIGLrNBZ+EIsgCJPBLpJwurVWBpPG4TF1GotIwrGaHXYbLhRzdBoLj4+hNMSgt4kkHIPehqIIT4DpNBZhMDtGkdja0kYJ1of8ay8ESziD7cVPwwT5WPla6j6sD9OSN69d9M3ta3Y6iFdk5tIJ8QtPf5O99LQniVsEN4tNKzJz6SBeNT//9BGVx464RDnrLnvsKzJzHSa+ppXhST6/4ORHb9722AmHcO+OSo995Zy8zma6txYQr1lUsPmPlzxJly3o2687PPasuSeuXzDSQfzhtjoxzAMqrCcdVAsjGZRgJIMSjGRQgpEMSjCSQQlGMijBSAYlGMmgBCMZlGAkgxKMZFCCkQxKMJJBCUYyKMFIBiUYyaAEIxmUYCSDEoxkUIKRDEowkkEJRjIowUgGJRjJoAQjGZRgJIMSjGRQgpEMSjCSQQlGMvpdMnujbq9UHN7b0txSLZVEsFncHgtBEGaje6R8diA8q+s8jjG9+/werf56unyqmKEMEycHoi4S0W8L671HK+cc4c6rcDhtGJNtrWvVvPml2+5w7SpCEAR3BmoL+R61ipuvpMh4RyoPuFz4wB8ZDvhelC61HPhUo0yZJAdnOwCgPLb7WlPZih0CNjICMgLq3Otbv3S53MES7kXjiWef+E1A6yILPgSTWg5W5Z9KnvRkSKTU0NAOAEyp0FZ6WWx16BdPD7RzfB4388nxTAbj+cglhUUXA10dKRgo6HB1CKoLvrFP2CaLvPsmgvrjxRWhYYJLexJKagLt3LNL5o5MjBDwhAa9ZcaU9EBXRwoGamGt5tviX74r4nujDBRBCXCPWDB5xILJAACXdwJA4F5a4ybcwVIAcElCvQbEOeAHhgf9Lkp34jbcZe9tYTI4uMvudrt6GzEmD0VogfDM7jC6CXdvC4vJR4bxi6g89NvCGHQWg866x0hDGQH25y4Yk//I6iIR/Qr2u5WZS1bFCETsR+mNT774+HrOxsNCQehgOzJo9Nslnv4+my/ATn7W2GOZvUzxCB3rl01rc08drxi2r/Lot4XxBRgAsDn3s48PYXcQiNvFZDEa80poGROj/LrlanO99nJhAwA8Pn1EpEJoMtmcTuewfVmOj98pnc7o+fNYnA3VqxacuGOyP7/gxEenjOvnn3pp5cWseXm7/1FYm1e6ZVcb4cCz5p9o1vhtVEIeG0yjI0yMFqkYEnvvDi6+BLur149t0cXYfHjmOx/qxjy7uDy3iSDo2z4cn7povNSFHvm86eWs8MbjpZs/mfPKzg4/evnUouQ5i0b7sUDy4mOko0PTe2fiMZ5/tu7wf2YzjJ0cdNpEwOkA+qwFyXSmksHArWaWQqy2dEk/+ps/78/Y3EcXnQ5xfAj2q2fG3GNhxMUoQA0A/BBNj5EfovYecI29kxR+p1/BhuzenELWrcF2YTDxHRzXtT/8zusUfseHYG8drz1a7r5a7e39PmgK4AuU5/7+qydXldb1NZ45UAIAf1pfCGC51R24ykmDj2tYrdpBMHQmlW5cggQAHpOhR3btWnNVuPrJuMdDiuvKzZnrNsX6xZGmm0f3/poJ8P4PMP+la6/Odm+vZbyaneoZHEuJvneQbNjio4X9+zllBNH26m9TeiylZnNIh4bfepYRPNLsxPw2RhSd+oecC1nPF89Igmi366bZIdTY0qK9J/PPNjTo/VUTySEIIjQ0lBiq1F3+IbfMRBBE7r5LKitBEMSsWbNsNtsguzV4DPV962MnKj1d7txnJw2yK0MD31Fi4S1/jllQ/Ex8CLb9WENpB5b/3R1P8lP13SixvOBfgXNr1qTcHZuOeBPdHZoBMw8rfAjW1Gmsb9XpTN6p51QBmrFwYVzixgsaANwMhlqVtW3h7Cf8fqfGV0Sty5lTajcvnLO3GwBMqlkLD//14zv+rod8+BDsnf9OnqWwLp0S02PhNpnGLsnImT3z8xou0Og1V04jQUL7AEU8FO2Fl55+5nxIWRPBZdq5wpWv1xBqR1ICz9/1kA/yvWggMzPz2LFj1HwYBTnwEdY3lr3OD5aY7RPkcWmPxiGKgbm3hS1dunT37t09yUtnK1FnNTcozJMkAOw/PGRwuDEj90JRRR9TZ/2LL5bYHN5n2a52OaZNLXHaqlQqk7apCQCAcK9+sRwA9u8oAYD3v6JuMAAFgAEuYM+sP/jv7UfFUq9gMyZve+iaXjs986msK+s3VW3cWpfzbnMi/42cY50AkJ/3nYWAC01WTzY6Fucy1wEAEISTQLk8zGmn1kDc5d4u8dChQ/dY4tLW9Byf/p/mKW/hRXsepqaXJv4jKmQigqI0GoIC1JidIQRoAQAARQAAZkW/MWZcpqOiJHHK5ebri8FuOtHieuv1k5MZcb9bm4Kir2ldrzxMxf+/QAiCGGwfHgwqSqQgE74F23mitneScPhvGtHl7Oqy9Ta0N+o8B9RsSn/4EGxrbquFId6d711ZRDi6bhZs9Rzbuttr6tstelV5Zb1aa9aqNVqtpvp2uQ2HH8rL3f9R1Pq0E7W1TY31OlWn2WCH8vJOm/rOli03DQZLVWWn0+06XNT6zO+rnLYqAAhCu8HtMjjhxVdqDJ3G/TvOFba6qCgRfN6HWfRqNc7fMFPqSU6beeCbXd61YlMTnoCYpDmKucnTLcdd40S6qzQJLFuV/WbOyxs2bT1YqVo+Uta7qLeuP5Uy5eCMKeM5fBqH5T7zSeHMrNEAcObMrTkLJ15uso5QSgHuMFiJho5KADagNAEKACAI4QOwO78qhYgYGPb4aGGbl6f+dbYwRuZdSHJuO/LnAm+QcuiL9dzQ4LmLta/uLRS37rxtFURIufNmzFi7aeviGTOe7qsWAOzK2peWlhAfy46VsxXRAkTASI4QxMcLpFIBCiBkoTnLPwMAZ2P50tW3AAAcluJWU1nx90X7r8iiBL95YSJbyvTvlycjVJRIMvrtEouLix+lH/ePXj+s45EHCOuZPKnPPGKBd7WLWOI78/1jNJr8WBqpGVAwjkTCY4RLpeFSAZMvjYyORQDCw8NpCCpio+GyEIwXHC6T0pic8PBwAJAolHqDhcFA0yakd2m0MpbfltIWFJwsLhqiLf4R47uFxUiwUEXymKSELpMbCxtNp9NlQQzR6ElGVWdaUiydyeaKQqPCJAAQxGa5AIIkCruqAcAVLPJbjCALlT32+GP+Ko3UDBTWi/kYBrzGzm5c32i04yI2vbu91RURYXehhrJiQbjsWnmtVMQlnI6WViMAtHSouXSEgdr1OEbnhtZ3dvrLy8lPTPZXUWSnX8FsNtudhp6dODoAwPMkTE2N19ihrwcAvebH0wAWSzUAqA2B3b/D7f7Pm/JhRL+CsVhD9OnoYbu62YM/vzyTH8pheNfxJUZL/FiyWk0tOPMykGAjlGMBQBkpVMbGKmNC4hNGckNHKpVKmiAcoTHFbFAqlVFSnixaGS+XAUByrMDiRFPSxiMALc4QP/4WCgsLCwoK/FceibmvR7WDmTZ7UDwCLomEVtUBKBMnrDoOm+M2dnRb3cFijE8wAcBuNAC4nC43AJhNRhoC4KdRlPi4+JTUFN/5hgEDCVZ3u4zL5Va26DksM0HrBgCnG6TRqVpNHZfLVunNDDuCuN3qOzXtdisA2DlhAOqm2tsYA42PC//+ut+e+0wdm+qvoshOv4KZzWYcx7u7dQCg7zUFplG1AYDHDro+c2NXi8/3nOo4dyoQ7gIVJfZ3okr9QXqG4hF6cr8olAHZi4ws9Dta39ZRN27cL0xGvz+F/bNInxT3wa7jcrmcRhumsg00vTJkZ14Ct0nj0Of/AKed3fF3+OjtAAAAAElFTkSuQmCC',NULL,'2014-07-11 10:20:17','2');

/*!40101 SET SQL_MODE=@OLD_SQL_MODE */;
/*!40014 SET FOREIGN_KEY_CHECKS=@OLD_FOREIGN_KEY_CHECKS */;
/*!40014 SET UNIQUE_CHECKS=@OLD_UNIQUE_CHECKS */;
/*!40111 SET SQL_NOTES=@OLD_SQL_NOTES */;
